Date,Active companies,Company Value,Bonds,Buildings,Economic phase
2025-12-27,23730,1709819791733,15546980000,288872,
2025-12-26,23649,1702928061592,15866495000,288844,
2025-12-25,23648,1707960474354,16020960000,289802,normal
2025-12-24,23780,1710072332435,16102760000,290884,normal
2025-12-23,23979,1703745262876,16058320000,291195,normal
2025-12-22,23743,1690373111545,15887825000,288458,normal
2025-12-21,23924,1688778883385,16092200000,291391,normal
2025-12-20,24071,1702862173981,16259415000,293357,normal
2025-12-19,24165,1701758186691,16343325000,293491,normal
2025-12-18,24101,1694991576679,16188100000,293089,normal
2025-12-17,24133,1688179955403,16234615000,292716,normal
2025-12-16,23876,1676435188844,16210500000,288341,normal
2025-12-15,23128,1654562403595,16202765000,280960,normal
2025-12-14,23737,1668687305496,16229060000,287149,normal
2025-12-13,24167,1680041517809,16342045000,292224,normal
2025-12-12,24149,1681085365595,16159695000,292880,normal
2025-12-11,24092,1682787236235,16026665000,292919,recession
2025-12-10,24098,1686741868180,15976265000,293366,recession
2025-12-09,24143,1679463064406,15844310000,293213,recession
2025-12-08,23704,1675930520287,15601315000,289186,recession
2025-12-07,24210,1686883405482,15676825000,294490,recession
2025-12-06,24415,1692367043363,15626520000,297215,recession
2025-12-05,24477,1695002760039,15478150000,298084,recession
2025-12-04,24478,1696077730805,15374760000,297796,normal
2025-12-03,24619,1695816053594,15575590000,299208,normal
2025-12-02,24619,1703970553125,15888760000,297556,normal
2025-12-01,23914,1681135478522,15606625000,273323,normal
2025-11-30,24019,1665671996829,15592575000,271314,normal
2025-11-29,24132,1659830753457,15657810000,271961,normal
2025-11-28,24259,1659928637498,15783365000,273393,normal
2025-11-27,24205,1659316569778,15746335000,273169,normal
2025-11-26,24163,1668447353184,15816725000,273454,normal
2025-11-25,24132,1662391952851,15978570000,273958,normal
2025-11-24,23589,1652524973246,16050050000,269363,normal
2025-11-23,23948,1648777467146,16271925000,272539,normal
2025-11-22,24249,1645160599218,16474390000,274258,normal
2025-11-21,24341,1649775252959,16645475000,274387,normal
2025-11-20,24159,1642815496426,16544060000,272986,normal
2025-11-19,24273,1634606008841,16534620000,273201,normal
2025-11-18,24511,1631912488810,16783375000,275095,normal
2025-11-17,23993,1624374679489,16788775000,270722,normal
2025-11-16,24264,1637548552663,16950825000,272774,normal
2025-11-15,24572,1639200146401,17053050000,275667,normal
2025-11-14,24791,1632675746784,17275070000,277279,normal
2025-11-13,24737,1623613453645,17368900000,276311,normal
2025-11-12,24749,1629664466453,17566235000,276735,normal
2025-11-11,24766,1623180963444,17582435000,276453,normal
2025-11-10,24238,1608725826851,$NaN,5419,normal
2025-11-09,24398,1612505536326,17733010000,274071,normal
2025-11-08,24427,1611804031239,17773640000,274745,normal
2025-11-07,24458,1611648736891,17587180000,276093,normal
2025-11-06,24524,1608916710664,17420235000,293466,recession
2025-11-05,24483,1611207541084,17413340000,298454,recession
2025-11-04,24558,1611344438030,17462220000,298948,recession
2025-11-03,23974,1599411836365,17152865000,293403,recession
2025-11-02,24020,1602251587955,16930700000,294532,recession
2025-11-01,24154,1599391904049,16865215000,295819,recession
2025-10-31,24333,1600000286499,16571045000,296287,recession
2025-10-30,24514,1604139865439,16671515000,298186,normal
2025-10-29,24635,1608985916921,16715995000,299083,normal
2025-10-28,24628,1601414523297,16667120000,298302,normal
2025-10-27,24151,1599607325495,16484535000,293758,normal
2025-10-26,24328,1607291200938,16299780000,296185,normal
2025-10-25,24480,1601500914467,16256545000,297316,normal
2025-10-24,24462,1592672731667,16069240000,295629,normal
2025-10-23,24533,1596032345381,15885515000,297188,recession
2025-10-22,24627,1597446791840,15634195000,298214,recession
2025-10-21,24693,1600644108011,15531940000,298549,recession
2025-10-20,24202,1596254657501,15229655000,294062,recession
2025-10-19,24426,1597113491464,15009345000,295483,recession
2025-10-18,24500,1599059189122,14975385000,296848,recession
2025-10-17,24536,1601763528658,14698170000,297398,recession
2025-10-16,24600,1600850450750,14716130000,297460,normal
2025-10-15,24560,1601742750893,14839765000,297836,normal
2025-10-14,24450,1609903256387,14779760000,297135,normal
2025-10-13,24015,1598908872393,14703830000,292784,normal
2025-10-12,24183,1594046526463,14637380000,294259,normal
2025-10-11,24340,1596876297752,14669065000,294467,normal
2025-10-10,24372,1597214363439,14555170000,276509,normal
2025-10-09,24373,1585785629215,14626550000,272454,boom
2025-10-08,24302,1586272389491,14637810000,272171,boom
2025-10-07,24266,1584601305329,14612730000,272033,boom
2025-10-06,23826,1575219447978,14547345000,268230,boom
2025-10-05,24055,1574472559074,14635680000,269721,boom
2025-10-04,24250,1576651590776,14561620000,270759,boom
2025-10-03,24183,1577694544469,14253055000,270385,boom
2025-10-02,24176,1573128901716,14180610000,270562,normal
2025-10-01,24273,1576415751834,14173335000,271106,normal
2025-09-30,24266,1575829434052,14149195000,271474,normal
2025-09-29,23712,1561870426074,13990570000,266886,normal
2025-09-28,23961,1570788253925,13929990000,268987,normal
2025-09-27,24147,1578182434079,13875780000,271014,normal
2025-09-26,24153,1580720023502,13843125000,270750,normal
2025-09-25,24300,1577752564872,13748080000,272080,normal
2025-09-24,24238,1574832240779,13815160000,272170,normal
2025-09-23,24150,1569224082102,13990965000,271391,normal
2025-09-22,23709,1561274698479,13673150000,267208,normal
2025-09-21,23872,1566537770148,13823540000,268459,normal
2025-09-20,24005,1576025039011,13855215000,269726,normal
2025-09-19,24125,1574561854587,13890320000,270781,normal
2025-09-18,24152,1567704732250,13938160000,271215,normal
2025-09-17,24051,1568110620831,13855525000,270738,normal
2025-09-16,23954,1577976915761,13862185000,270333,normal
2025-09-15,23426,1563241489447,13761865000,265630,normal
2025-09-14,23714,1555807940925,13743255000,267477,normal
2025-09-13,23797,1555589994554,13654840000,268347,normal
2025-09-12,23696,1552258404730,13701720000,268241,normal
2025-09-11,23856,1561365664965,13716480000,269266,boom
2025-09-10,23904,1557782824641,13806100000,269899,boom
2025-09-09,23887,1559180102393,13860590000,270177,boom
2025-09-08,23564,1550557099515,13765670000,267124,boom
2025-09-07,23721,1544180508014,13863470000,268620,boom
2025-09-06,23752,1544532516402,13874035000,268967,boom
2025-09-05,23947,1549041257734,13725390000,270787,boom
2025-09-04,23949,1545896633497,13617015000,270812,normal
2025-09-03,24014,1544519724935,13663185000,271260,normal
2025-09-02,23940,1549505573386,13639510000,270503,normal
2025-09-01,23629,1548820185913,13517315000,267418,normal
2025-08-31,23947,1547573794195,13570795000,270239,normal
2025-08-30,24036,1547707203147,13629915000,289074,normal
2025-08-29,24036,1555009631524,13556380000,293454,normal
2025-08-28,23993,1549397727745,13611300000,292570,boom
2025-08-27,24010,1538390394097,13731085000,292769,boom
2025-08-26,24001,1531275655865,13866500000,293143,boom
2025-08-25,23626,1525449936054,13794425000,289435,boom
2025-08-24,23714,1526646577104,13852175000,290324,boom
2025-08-23,23752,1521774303367,13819215000,290672,boom
2025-08-22,23865,1522102287616,13745770000,291464,boom
2025-08-21,23890,1521952017265,13789035000,291723,normal
2025-08-20,23745,1518503705400,13842375000,290564,normal
2025-08-19,23671,1516063072583,13981995000,289448,normal
2025-08-18,23473,1507845604936,13917325000,286965,normal
2025-08-17,23624,1509906715283,13888925000,288197,normal
2025-08-16,23675,1504688443220,13877360000,289730,normal
2025-08-15,23622,1514956927574,13840475000,289974,normal
2025-08-14,23664,1523074675966,13884950000,290518,normal
2025-08-13,23631,1522055148015,13841910000,290238,normal
2025-08-12,23597,1520081630694,13714510000,289605,normal
2025-08-11,23317,1515557571819,13795840000,286844,normal
2025-08-10,23331,1519038620253,13782990000,288850,normal
2025-08-09,23462,1530104885436,13834280000,290290,normal
2025-08-08,23571,1536805849345,13884835000,291548,normal
2025-08-07,23476,1113557463783,13809450000,290586,normal
2025-08-06,23494,1530677092999,13756340000,290856,normal
2025-08-05,23590,1537625551973,13620425000,291072,normal
2025-08-04,23350,1527793546704,13480970000,287895,normal
2025-08-03,23393,1518454385984,13411900000,289007,normal
2025-08-02,23516,1526430684715,13322600000,290855,normal
2025-08-01,23686,1532050908658,13448075000,292868,normal
2025-07-31,23788,1535803015427,13430320000,293447,normal
2025-07-30,23738,1522995645117,13217280000,293057,normal
2025-07-29,23809,1522594045906,13231215000,292948,normal
2025-07-28,23605,1522518723455,13071395000,288380,normal
2025-07-27,23561,1521091543415,13032905000,268669,normal
2025-07-26,23484,1528035700004,13180795000,269136,normal
2025-07-25,23507,1522837214828,13057495000,269074,normal
2025-07-24,23636,1525369928198,13189995000,270083,boom
2025-07-23,23654,1526097159007,13130905000,270359,boom
2025-07-22,23596,1521601690735,13076460000,270209,boom
2025-07-21,23244,1502466962178,13000450000,266101,boom
2025-07-20,23283,1494355936520,13092195000,267106,boom
2025-07-19,23458,1502040803139,13167155000,269069,boom
2025-07-18,23514,1503013077723,13107835000,269148,boom
2025-07-17,23595,1504946022881,13203580000,269785,boom
2025-07-16,23640,1507413017628,13293935000,270219,boom
2025-07-15,23683,1484175633468,13334935000,270382,boom
2025-07-14,23523,1480703744315,13326510000,268193,boom
2025-07-13,23494,1479234622024,13429080000,269103,boom
2025-07-12,23398,1472479640763,13330395000,268690,boom
2025-07-11,23579,1478528349651,13494100000,270265,boom
2025-07-10,23710,1479509893065,13664170000,271228,boom
2025-07-09,23704,1480276417419,13700700000,271620,boom
2025-07-08,23757,1476511929000,13807055000,271343,boom
2025-07-07,23420,1475999626841,13657635000,267845,boom
2025-07-06,23294,1480504202137,13768110000,268449,boom
2025-07-05,23491,1473280165609,13978550000,270764,boom
2025-07-04,23657,1469586952588,13946095000,271959,boom
2025-07-03,23616,1469049702865,14040600000,271398,boom
2025-07-02,23852,1470998392924,14146660000,272946,boom
2025-07-01,23858,1465069101408,14080180000,272288,boom
2025-06-30,23650,1458133118610,14133370000,269434,boom
2025-06-29,23677,1450321109420,14265070000,270313,boom
2025-06-28,23879,1446557196298,14271645000,271287,boom
2025-06-27,24050,1450563615464,14368170000,272503,boom
2025-06-26,24144,1445324635140,14450765000,273303,boom
2025-06-25,24439,1446108671231,-,-,boom
2025-06-24,24563,1440093682487,-,-,boom
2025-06-23,24104,1422948860143,14646975000,271358,boom
2025-06-22,24162,1430582652089,14790055000,272708,boom
2025-06-21,24289,1426833998933,14739120000,274626,boom
2025-06-20,24433,1426302009974,14601280000,275414,boom
2025-06-19,24628,1425160057374,14706150000,276814,normal
2025-06-18,24811,1427970819075,14776905000,278391,normal
2025-06-17,24793,1422825845380,14760525000,278123,normal
2025-06-16,24226,1411961127147,14613555000,272899,normal
2025-06-15,24341,1419045907892,14717015000,274823,normal
2025-06-14,24501,1420569281678,14733540000,276306,normal
2025-06-13,24565,1419939000305,14881685000,276517,normal
2025-06-12,24737,1425823557500,14897975000,278078,normal
2025-06-11,24957,1430833854271,14946955000,279389,normal
2025-06-10,25025,1424373560840,15010655000,278982,normal
2025-06-09,24572,1416980732490,14886805000,274847,normal
2025-06-08,24807,1420898098020,15057540000,277193,normal
2025-06-07,24890,1422931261706,15065755000,278642,normal
2025-06-06,24845,1428857124675,15064990000,278530,normal
2025-06-05,24956,1436186249592,15084380000,279974,normal
2025-06-04,25007,1431512273272,15176845000,279862,normal
2025-06-03,25040,1426606362672,15216120000,279520,normal
2025-06-02,24589,1411100271792,14997500000,274884,normal
2025-06-01,24828,1414605919981,15051830000,276936,normal
2025-05-31,25033,1425168397928,15303510000,278727,normal
2025-05-30,25231,1431702469903,15491005000,281024,normal
2025-05-29,25188,1424159358727,15540750000,281079,boom
2025-05-28,25201,1429339649199,15723810000,281079,boom
2025-05-27,25161,1419624372163,15881875000,280298,boom
2025-05-26,24755,1403732408458,16042260000,276363,boom
2025-05-25,24832,1402223330821,16386940000,278031,boom
2025-05-24,24969,1408008055878,16586620000,279288,boom
2025-05-23,25013,1407872985396,16602000000,279362,boom
2025-05-22,25084,1404628599783,16767535000,279808,normal
2025-05-21,25240,1406217054592,16895295000,281241,normal
2025-05-20,25261,1397083971408,16971380000,280730,normal
2025-05-19,24678,1382689257162,16984920000,276087,normal
2025-05-18,25089,1387004459639,17341830000,279694,normal
2025-05-17,25274,1387917159237,17538895000,280741,normal
2025-05-16,25345,1385354747351,17598450000,281449,normal
2025-05-15,25418,1381054353442,17763690000,282106,normal
2025-05-14,25444,1385175581023,18004965000,281928,normal
2025-05-13,25330,1375074395674,18175660000,280654,normal
2025-05-12,24661,1360830361712,18099750000,275984,normal
2025-05-11,24959,1362424150031,18446890000,278629,normal
2025-05-10,25194,1359948047927,18470150000,279854,normal
2025-05-09,25281,1368060102544,18411940000,280207,normal
2025-05-08,25291,1369760098212,18521320000,280779,recession
2025-05-07,25295,1362924479882,18665275000,281498,recession
2025-05-06,25006,1357582927403,18619615000,279310,recession
2025-05-05,24423,1345799030922,18483575000,274679,recession
2025-05-04,24652,1346508502949,18351740000,276363,recession
2025-05-03,24960,1367108943530,18436795000,278892,recession
2025-05-02,25223,1369367914194,18566795000,281066,recession
2025-05-01,25319,1362087524360,18701610000,282102,recession
2025-04-30,25343,1358014774569,18726545000,282239,recession
2025-04-29,25308,1357070132151,18737780000,281659,recession
2025-04-28,24790,1349832566062,18595675000,277388,recession
2025-04-27,24959,1358582633394,18691950000,279770,recession
2025-04-26,25085,1361979828439,18678390000,280920,recession
2025-04-25,25010,1360321943109,18563290000,280206,recession
2025-04-24,26852,1386663520598,18756965000,293284,recession
2025-04-23,25064,1355452242586,18402395000,280551,recession
2025-04-22,24827,1348592554810,18089680000,277730,recession
2025-04-21,24394,1336035040742,17823200000,273988,recession
2025-04-20,24522,1345390392198,17870475000,275790,recession
2025-04-19,24704,1351042007946,17829535000,278155,recession
2025-04-18,24559,1358664317229,17560715000,277747,recession
2025-04-17,24618,1364914957820,17387265000,278353,recession
2025-04-16,24764,1354918969060,17242540000,279033,recession
2025-04-15,24904,1351440852157,16969545000,279511,recession
2025-04-14,24486,1351678701115,16675420000,275083,recession
2025-04-13,24711,1353015059574,16718920000,277718,recession
2025-04-12,24893,1364569071409,16553340000,280218,recession
2025-04-11,24850,1366614570369,16256440000,280201,recession
2025-04-10,24900,1361649386361,15997975000,280550,recession
2025-04-09,24974,1365307548905,15732060000,280606,recession
2025-04-08,24951,1357709171427,15387815000,279881,recession
2025-04-07,24439,1355897443864,15205980000,275820,recession
2025-04-06,24838,1366501460382,15179775000,279230,recession
2025-04-05,25206,1370142958220,15028175000,282369,recession
2025-04-04,25404,1366882553751,-,-,recession
2025-04-03,25750,1375634928965,-,-,normal
2025-04-02,25887,1382897626375,15152495000,290458,normal
2025-04-01,25882,1384549880114,15106430000,290669,normal
2025-03-31,25368,1382340615057,15080075000,285957,normal
2025-03-30,25628,1387479689087,15128780000,288885,normal
2025-03-29,25908,1386255665079,15073535000,291344,normal
2025-03-28,26065,1382081860094,15121405000,292116,normal
2025-03-27,26201,1390549480037,15135045000,293392,normal
2025-03-26,26113,1402201733867,14970700000,293200,normal
2025-03-25,26184,1402778046574,14911885000,293255,normal
2025-03-24,25594,1378380012461,14738640000,287788,normal
2025-03-23,25738,1384830903335,14710565000,289769,normal
2025-03-22,25761,1393733173983,14632870000,290335,normal
2025-03-21,25766,1395368632227,14599740000,290014,normal
2025-03-20,25892,1384333046090,14607750000,290837,normal
2025-03-19,25938,1386956916819,14600085000,291348,normal
2025-03-18,25862,1389048640050,14707540000,290641,normal
2025-03-17,25301,1371539951528,14559195000,285922,normal
2025-03-16,25549,1380098282541,14699565000,289442,normal
2025-03-15,25691,1385763263940,14826180000,291084,normal
2025-03-14,25747,1381735140353,14773395000,290927,normal
2025-03-13,25634,1378121200993,14732630000,289932,boom
2025-03-12,25545,1373474208468,14873270000,289675,boom
2025-03-11,25594,1368182163826,14997185000,289756,boom
2025-03-10,25155,1359231511175,14818970000,285281,boom
2025-03-09,25483,1365948622584,15033480000,288819,boom
2025-03-08,25382,1365325411747,14986065000,289006,boom
2025-03-07,25406,1365064413531,15053345000,289006,boom
2025-03-06,25519,1363051408631,15093635000,289951,normal
2025-03-05,25544,1361382951459,14977335000,290013,normal
2025-03-04,25602,1364132275405,15009980000,290257,normal
2025-03-03,25029,1359492534959,15119215000,286053,normal
2025-03-02,25251,1366125969380,15153980000,288523,normal
2025-03-01,25448,1370509569168,15258310000,290823,normal
2025-02-28,25599,1370500722679,15427495000,291734,normal
2025-02-27,25687,1365101827720,15600735000,291652,boom
2025-02-26,25622,1364366904842,15768505000,291313,boom
2025-02-25,25697,1373821153616,15800860000,292225,boom
2025-02-24,25363,1363540875441,15874220000,288463,boom
2025-02-23,25604,1366730090220,15910145000,290824,boom
2025-02-22,25533,1360696664065,15956130000,290684,boom
2025-02-21,25585,1359172094664,15842480000,290959,boom
2025-02-20,25613,1361689061353,15776580000,291492,normal
2025-02-19,25561,1364556727901,15783685000,291844,normal
2025-02-18,25574,1360991681103,15812865000,291906,normal
2025-02-17,25359,1355958338233,15683290000,289201,normal
2025-02-16,25517,1362647107557,15655900000,291398,normal
2025-02-15,25850,1367694399747,15709890000,294342,normal
2025-02-14,25898,1356884822001,15621275000,293714,normal
2025-02-13,26044,1357449900061,15523495000,294809,normal
2025-02-12,26060,1359867048598,15461175000,295168,normal
2025-02-11,26035,1366184814313,-,-,normal
2025-02-10,25569,1355073587558,-,-,normal
2025-02-09,25796,1358393648357,-,-,normal
2025-02-08,26001,1357326755362,-,-,normal
2025-02-07,26060,1358542703176,-,-,normal
2025-02-06,25964,1351662780093,15261465000,294309,normal
2025-02-05,25862,1344866175797,15153965000,292664,normal
2025-02-04,25825,1341042703356,15018930000,291852,normal
2025-02-03,25304,1328667782066,14956280000,287085,normal
2025-02-02,25786,1344423800822,15171090000,292351,normal
2025-02-01,26168,1350452637508,15316960000,296431,normal
2025-01-31,26415,1348987701326,15417550000,298534,normal
2025-01-30,26412,1349819693173,15654215000,299294,normal
2025-01-29,26316,1352249072727,15657170000,298876,normal
2025-01-28,26330,1352527652985,15728895000,298553,normal
2025-01-27,25885,1344660508078,15743060000,295103,normal
2025-01-26,26236,1353451022636,15799965000,298262,normal
2025-01-25,26519,1355703081219,15927450000,300629,normal
2025-01-24,26699,1349520412932,15921720000,302034,normal
2025-01-23,26705,1360083606292,15971015000,301749,boom
2025-01-22,26581,1358274013099,16113885000,300357,boom
2025-01-21,26727,1357343092672,16101335000,301396,boom
2025-01-20,26551,1342467530785,15932930000,298909,boom
2025-01-19,26657,1350784057363,15937700000,300938,boom
2025-01-18,26742,1348923620367,15956375000,302095,boom
2025-01-17,26689,1344901885536,15743730000,301511,boom
2025-01-16,26740,1354475820496,15754060000,302725,normal
2025-01-15,26844,1351371396765,15614500000,302822,normal
2025-01-14,26911,1345323634410,15616195000,302358,normal
2025-01-13,26481,1336254080793,15348320000,298877,normal
2025-01-12,26820,1342537674144,15333585000,302604,normal
2025-01-11,26795,1346008782952,15363870000,303052,normal
2025-01-10,26809,1343028565462,15319705000,302804,normal
2025-01-09,26893,1346766403127,15236205000,303207,normal
2025-01-08,26978,1349387257070,15201060000,304198,normal
2025-01-07,26994,1348373034995,15226655000,303670,normal
2025-01-06,26660,1345305752105,15193465000,300676,normal
2025-01-05,26631,1339001973537,15220735000,301122,normal
2025-01-04,26594,1342619079547,15093035000,301102,normal
2025-01-03,26486,1342856306947,15071325000,300789,normal
2025-01-02,26178,1327556609767,15021660000,297631,normal
2025-01-01,26333,1330949204182,15116960000,299011,normal
2024-12-31,26595,1342976058655,15180495000,301299,normal
2024-12-30,26537,1339451979801,15034965000,300111,normal
2024-12-29,26505,1342562589673,15069635000,301257,normal
2024-12-28,26491,1343406331568,15006890000,321125,normal
2024-12-27,26437,1338701382295,15089850000,325312,normal
2024-12-26,26399,1339618377783,15183840000,325819,boom
2024-12-25,26572,1345396501595,15335225000,328509,boom
2024-12-24,26803,1347808714005,15453770000,330494,boom
2024-12-23,26820,1356788260271,15532675000,330109,boom
2024-12-22,26951,1354477883454,15677095000,332139,boom
2024-12-21,27066,1333574590487,15724175000,333260,boom
2024-12-20,27260,1337735769173,15889760000,335114,boom
2024-12-19,27421,1337127282618,15854370000,336269,boom
2024-12-18,27472,1329568956876,15902625000,336280,boom
2024-12-17,27489,1331995544438,16036430000,335350,boom
2024-12-16,27033,1320024933008,16060755000,330968,boom
2024-12-15,27323,1322706208309,16086515000,334475,boom
2024-12-14,27469,1324337176538,16165255000,336792,boom
2024-12-13,27742,1328107349554,16164695000,339102,boom
2024-12-12,27944,1329795663516,16075310000,340219,normal
2024-12-11,28022,1332317328412,16132680000,340706,normal
2024-12-10,28073,1328997996325,15930150000,340099,normal
2024-12-09,27388,1322288603057,15659380000,333404,normal
2024-12-08,27887,1330937822185,15650205000,338484,normal
2024-12-07,28189,1338439940432,15688805000,341355,normal
2024-12-06,28108,1337667160662,15474375000,340947,normal
2024-12-05,28186,1337366191001,15529270000,343129,normal
2024-12-04,28367,1345144814133,15530010000,344694,normal
2024-12-03,28353,1349083753193,15421100000,343447,normal
2024-12-02,27763,1343940428025,15089330000,335351,normal
2024-12-01,27859,1346637875256,14963420000,314207,normal
2024-11-30,28130,1361076674761,14871745000,315616,normal
2024-11-29,28365,1362179124870,14772760000,317725,normal
2024-11-28,28558,1360275586594,14739585000,318683,normal
2024-11-27,28687,1363205557742,14751825000,319609,normal
2024-11-26,28766,1374139379020,14833280000,319464,normal
2024-11-25,28330,1363908394564,14733340000,315112,normal
2024-11-24,28625,1352325494446,14647440000,318162,normal
2024-11-23,28772,1348286971973,14712930000,319070,normal
2024-11-22,28981,1347047457761,14830820000,319974,normal
2024-11-21,28949,1337815270672,14859995000,319626,normal
2024-11-20,28901,1339262312562,14821450000,319520,normal
2024-11-19,28970,1340902281733,14652775000,319758,normal
2024-11-18,28287,1332295799324,14442085000,314285,normal
2024-11-17,28498,1335625997613,14375130000,316874,normal
2024-11-16,28737,1335570814483,14223365000,318613,normal
2024-11-15,28764,1338471772784,14137075000,319159,normal
2024-11-14,28875,1339081586520,14086740000,320111,normal
2024-11-13,28814,1336771191913,13855530000,320787,normal
2024-11-12,28660,1331173622888,13759985000,331457,normal
2024-11-11,28185,1323229020308,13705160000,337321,normal
2024-11-10,28322,1317694706480,13686650000,342288,normal
2024-11-09,28365,1312444974039,13698610000,343638,normal
2024-11-08,28281,1321445911785,13637070000,343650,normal
2024-11-07,28413,1328867433451,13669780000,344969,normal
2024-11-06,28588,1324158374550,13667610000,345579,normal
2024-11-05,28688,1327902814488,13608035000,345618,normal
2024-11-04,28140,1311299060226,13376820000,340347,normal
2024-11-03,28327,1310928357793,13472575000,342317,normal
2024-11-02,28479,1313163222680,13581910000,344331,normal
2024-11-01,28474,1312208319740,13662775000,344402,normal
2024-10-31,28928,1312405287605,13711360000,347527,normal
2024-10-30,29027,1311884270227,13808445000,348103,normal
2024-10-29,28963,1304339439408,13868900000,347012,normal
2024-10-28,28342,1295402888466,13737035000,341032,normal
2024-10-27,28519,1297159397662,13882490000,343649,normal
2024-10-26,28821,1295277087814,14001210000,345929,normal
2024-10-25,29059,1289206048325,14155555000,346987,normal
2024-10-24,29150,1288416912745,14139020000,347839,boom
2024-10-23,29031,1294304041290,14204885000,347112,boom
2024-10-22,29099,1285878397393,14182040000,346725,boom
2024-10-21,28548,1281566866000,14086390000,341569,boom
2024-10-20,28816,1281280649440,14168880000,345014,boom
2024-10-19,29025,1275829431481,14237635000,346593,boom
2024-10-18,28914,1270819764117,14229420000,345316,boom
2024-10-17,28764,1269697855899,14183310000,344429,normal
2024-10-16,28899,1268067025946,14095230000,345520,normal
2024-10-15,28894,1272598435804,14033460000,345293,normal
2024-10-14,28371,1264562945934,13933240000,339429,normal
2024-10-13,28614,1263512963343,14073270000,341249,normal
2024-10-12,28666,1260501798345,14217910000,343069,normal
2024-10-11,28838,1258225021590,14225045000,343830,normal
2024-10-10,28786,1254354673249,14220320000,343986,recession
2024-10-09,28671,1255262834052,14196095000,343035,recession
2024-10-08,28898,1247519705182,14215385000,342895,recession
2024-10-07,28419,1239517841048,14072015000,337705,recession
2024-10-06,28673,1241844966962,14087600000,340110,recession
2024-10-05,28715,1245238107611,14121650000,340378,recession
2024-10-04,28697,1244698038381,14148510000,341518,recession
2024-10-03,28643,1242347444737,14112080000,341514,recession
2024-10-02,28766,1244335334460,14205400000,341855,recession
2024-10-01,28899,1243919572188,14438000000,341925,recession
2024-09-30,28327,1231959487101,14360460000,336316,recession
2024-09-29,28483,1228740601266,14426695000,338164,recession
2024-09-28,28669,1223927807926,14550100000,338203,recession
2024-09-27,28681,1228813382862,14485390000,322266,recession
2024-09-26,28555,1221960943903,14405545000,312073,recession
2024-09-25,28387,1211921761729,14514565000,311465,recession
2024-09-24,28444,1209469669628,14530770000,311469,recession
2024-09-23,27808,1201586317457,14329330000,305666,recession
2024-09-22,28222,1201835672266,14488835000,308308,recession
2024-09-21,28263,1193428904220,14413962500,307588,recession
2024-09-20,28305,1185022136174,14339090000,306868,recession
2024-09-19,28532,1188578717331,14488360000,310766,recession
2024-09-18,28566,1188167673630,14519235000,311244,recession
2024-09-17,28660,1180737010224,14483212500,308216,recession
2024-09-16,28251,1169953674914,14447190000,305188,recession
2024-09-15,28279,1168710563669,14509260000,307535,recession
2024-09-14,28344,1173498417407,14545535000,308570,recession
2024-09-13,28365,1176794277227,14629020000,308334,recession
2024-09-12,28441,1171179853023,14614270000,307943,recession
2024-09-11,28410,1165064066861,14664400000,307539,recession
2024-09-10,28342,1166082309932,14781135000,306707,recession
2024-09-09,27990,1158082975144,14582220000,303389,recession
2024-09-08,28199,1167928379470,14720755000,305304,recession
2024-09-07,28464,1185118188030,14871050000,306897,recession
2024-09-06,28567,1183360387273,14882320000,307030,recession
2024-09-05,28754,1178580970910,14964440000,306950,normal
2024-09-04,28838,1180568385908,15275110000,308560,normal
2024-09-03,28351,1177875986419,15414625000,306449,normal
2024-09-02,27881,1162480611774,15345555000,302660,normal
2024-09-01,28186,1164447952460,15654775000,303111,normal
2024-08-31,28373,1159129687951,15920700000,306040,normal
2024-08-30,28557,1156463546393,16256065000,306912,normal
2024-08-29,28619,1156983391582,16462305000,306829,boom
2024-08-28,28597,1155045420757,16693215000,306267,boom
2024-08-27,28465,1145800493925,16918920000,305074,boom
2024-08-26,27890,1137757646438,17073920000,301001,boom
2024-08-25,27901,1132985650693,17255115000,301692,boom
2024-08-24,28017,1135917605448,17417190000,303245,boom
2024-08-23,27963,1136583643034,17583895000,302821,boom
2024-08-22,27835,1138067087125,17544520000,302014,normal
2024-08-21,28041,1140204976476,17598075000,302985,normal
2024-08-20,28152,1142297977159,17798665000,303041,normal
2024-08-19,27684,1136993646008,17913180000,299172,normal
2024-08-18,27564,1134624788437,18027770000,298932,normal
2024-08-17,27693,1132943784736,18295870000,299472,normal
2024-08-16,27678,1130440805126,18294765000,299288,normal
2024-08-15,27577,1125418701323,18340215000,298804,normal
2024-08-14,27646,1131592639999,18475545000,299050,normal
2024-08-13,27711,1131518002536,18724715000,299272,normal
2024-08-12,27236,1125777127446,18779445000,295014,normal
2024-08-11,27171,1145589416060,18963370000,295679,normal
2024-08-10,27331,1147292013327,19033055000,297616,normal
2024-08-09,27356,1142489504570,19119775000,297149,normal
2024-08-08,27303,1149024496781,19285710000,296673,normal
2024-08-07,27271,1148549603615,19253190000,295829,normal
2024-08-06,27462,1146705564302,19411925000,296746,normal
2024-08-05,27187,1149325553880,19487205000,294490,normal
2024-08-04,27040,1142638712281,19589010000,294159,normal
2024-08-03,27040,1146138193047,19806215000,294425,normal
2024-08-02,27068,1146251197678,20070670000,294571,normal
2024-08-01,27116,1143138795831,20161255000,294375,normal
2024-07-31,27224,1141177227454,20245800000,294467,normal
2024-07-30,27279,1144494296081,20453350000,294394,normal
2024-07-29,26971,1132714518483,20440630000,290925,normal
2024-07-28,27003,1137140949953,20600525000,292222,normal
2024-07-27,27045,1137631318875,20728470000,292660,normal
2024-07-26,27090,1139466102091,20851365000,293438,normal
2024-07-25,27092,1138773198651,20940595000,293972,normal
2024-07-24,26995,1130339642325,21064065000,293029,normal
2024-07-23,27096,1137780096529,21216870000,293682,normal
2024-07-22,26900,1136291549275,21160100000,291036,normal
2024-07-21,26650,1127618089650,21169605000,289945,normal
2024-07-20,26705,1132364995566,21258025000,291404,normal
2024-07-19,26719,1137074170231,21177830000,290765,normal
2024-07-18,26782,1136292204608,21245855000,291672,recession
2024-07-17,26819,1147507684062,21223940000,292496,recession
2024-07-16,26928,1148475587901,21129090000,291895,recession
2024-07-15,26756,1134117273256,20937570000,289361,recession
2024-07-14,26759,1131693168995,21023320000,290548,recession
2024-07-13,26679,1138708100083,21206380000,291075,recession
2024-07-12,26593,1140921700921,21108155000,291053,recession
2024-07-11,26573,1139492816387,20996240000,290975,recession
2024-07-10,26509,1138949858955,20988180000,290734,recession
2024-07-09,26680,1135679401390,21149725000,290972,recession
2024-07-08,26568,1132374579208,21167490000,289289,recession
2024-07-07,26624,1136123944543,21320505000,292075,recession
2024-07-06,26714,1140286406863,21379145000,293664,recession
2024-07-05,26865,1141824600084,21316275000,294279,recession
2024-07-04,26939,1137677063727,21286380000,294331,recession
2024-07-03,27079,1138550069215,21294585000,295344,recession
2024-07-02,27143,1134521852165,21395470000,295873,recession
2024-07-01,26862,1124213623278,21405985000,293007,recession
2024-06-30,26863,1129351770967,21275350000,294360,recession
2024-06-29,26986,1132426632383,21427110000,295656,recession
2024-06-28,27131,1136868083977,21475020000,296598,recession
2024-06-27,27169,1140261934992,21191305000,296612,recession
2024-06-26,27464,1143663507782,21149770000,298506,recession
2024-06-25,27653,1138068021248,21144530000,298539,recession
2024-06-24,27169,1138573283043,21126020000,295442,recession
2024-06-23,27189,1144388648653,21171130000,297266,recession
2024-06-22,27257,1142679007799,21070000000,297910,recession
2024-06-21,27384,1137232755478,21013085000,298527,recession
2024-06-20,27391,1140847393188,20869255000,298303,recession
2024-06-19,27536,1142764583566,20897295000,299698,recession
2024-06-18,27748,1139810793202,20921075000,300222,recession
2024-06-17,27417,1141143669359,20832155000,296678,recession
2024-06-16,27445,1149083795722,20743945000,298179,recession
2024-06-15,27370,1145214165456,20665795000,298754,recession
2024-06-14,27476,1144470261026,20594515000,300063,recession
2024-06-13,27590,1140086019614,20768900000,300579,normal
2024-06-12,27606,1145228226037,20833180000,300663,normal
2024-06-11,27538,1140686399159,20647480000,299208,normal
2024-06-10,27150,1127583614280,20434125000,295556,normal
2024-06-09,27320,1139987513920,20712270000,298800,normal
2024-06-08,27354,1151840802278,20448350000,299713,normal
2024-06-07,27456,1157654893710,20312215000,300271,normal
2024-06-06,27544,1144283430101,19981580000,300168,recession
2024-06-05,27617,1144109817963,19657370000,300683,recession
2024-06-04,27901,1148845668734,19356110000,300286,recession
2024-06-03,27567,1148779171609,19380120000,298999,recession
2024-06-02,27569,1150900893824,19194040000,299487,recession
2024-06-01,27736,1154819680835,18844865000,300873,recession
2024-05-31,27891,1154396417732,18849065000,303058,recession
2024-05-30,28063,1151110242422,19060230000,304380,normal
2024-05-29,28169,1159504271089,18951235000,304563,normal
2024-05-28,27978,1156351568287,18818790000,302573,normal
2024-05-27,27588,1138892542692,18695860000,299106,normal
2024-05-26,27719,1140048448208,18749205000,300503,normal
2024-05-25,27953,1145910566268,18774305000,302715,normal
2024-05-24,28072,1143608594975,18766510000,303318,normal
2024-05-23,28101,1139549406360,18671650000,303627,normal
2024-05-22,28156,1139521762952,18680045000,303576,normal
2024-05-21,27981,1134235049247,18678470000,301329,normal
2024-05-20,27474,1130830403389,18633390000,297541,normal
2024-05-19,27856,1136504788512,18847770000,301203,normal
2024-05-18,28001,1134602237584,18774280000,301817,normal
2024-05-17,27944,1135190676791,18711090000,301641,normal
2024-05-16,27931,1132222166558,18781335000,301757,normal
2024-05-15,28039,1125563777156,18974670000,302111,normal
2024-05-14,28013,1132285088389,19168000000,301437,normal
2024-05-13,27472,1125702368158,19094005000,296850,normal
2024-05-12,27749,1116472682641,19311880000,299005,normal
2024-05-11,28049,1121294257543,19432880000,301018,normal
2024-05-10,28196,1125458913590,19486775000,302160,normal
2024-05-09,28248,1121744569522,19696325000,303838,normal
2024-05-08,28215,1128785422389,19706930000,303458,normal
2024-05-07,28160,1119357546985,19614325000,302102,normal
2024-05-06,27584,1104440484541,19553995000,297183,normal
2024-05-05,28026,1117614055567,19559690000,300668,normal
2024-05-04,28207,1118225347706,19462760000,302232,normal
2024-05-03,28256,1115428927103,19098895000,302190,normal
2024-05-02,28188,1109275107802,18843295000,302082,recession
2024-05-01,28107,1104988441776,18539910000,301954,recession
2024-04-30,28218,1108992146779,18353710000,302470,recession
2024-04-29,27818,1104567203195,18066410000,298863,recession
2024-04-28,28113,1111641196781,17911095000,301300,recession
2024-04-27,28278,1112988724624,17822690000,302508,recession
2024-04-26,28596,1111661434494,17704845000,304770,recession
2024-04-25,28664,1113088472277,17657985000,304735,normal
2024-04-24,28739,1114100244491,17664270000,305359,normal
2024-04-23,28784,1116469860546,17683105000,305899,normal
2024-04-22,28105,1104728706691,17540250000,300213,normal
2024-04-21,28435,1106331212685,$NaN,NaN,normal
2024-04-20,28427,1108051924755,17422780000,303361,normal
2024-04-19,28463,1119658151346,17435365000,303977,normal
2024-04-18,28779,1123540960751,17470020000,305497,normal
2024-04-17,28764,1114462467359,17310795000,305669,normal
2024-04-16,28713,1115697951306,17320495000,305432,normal
2024-04-15,28114,1105484126987,17126590000,300383,normal
2024-04-14,28481,1115902879686,17100310000,302326,normal
2024-04-13,28666,1120200287845,16991015000,303818,normal
2024-04-12,28766,1109604951216,16856770000,304256,normal
2024-04-11,28875,1108807778677,16759460000,304273,normal
2024-04-10,28955,1117869074502,16767410000,305603,normal
2024-04-09,28915,1116022418391,16670575000,304243,normal
2024-04-08,28393,1099653262142,16555450000,299988,normal
2024-04-07,28531,1107094736611,16693825000,302103,normal
2024-04-06,28697,1112031210455,16711420000,303881,normal
2024-04-05,28847,1113200156902,16697885000,305119,normal
2024-04-04,28832,1116614688520,16740405000,305622,normal
2024-04-03,28900,1119482811286,16675205000,305294,normal
2024-04-02,28800,1114648700946,16652805000,303335,normal
2024-04-01,28533,1111184232981,16554685000,301081,normal
2024-03-31,28654,1113763132782,16722570000,302296,normal
2024-03-30,29089,1113829930403,16708535000,305450,normal
2024-03-29,29337,1112927278304,16873425000,307355,normal
2024-03-28,29389,1112451681507,16784580000,308166,normal
2024-03-27,29448,1115425302025,16729770000,308249,normal
2024-03-26,29567,1117537831102,16822690000,308227,normal
2024-03-25,29207,1106620871568,16662735000,304704,normal
2024-03-24,29261,1117468263198,16707230000,306341,normal
2024-03-23,29090,1112570505982,16856030000,306738,normal
2024-03-22,29148,1111950310070,16982685000,307864,normal
2024-03-21,29163,1115579828992,17024165000,307509,boom
2024-03-20,29359,1118364724342,17155535000,308408,boom
2024-03-19,29377,1116280854990,17027755000,307857,boom
2024-03-18,28903,1114859001452,17013460000,303604,boom
2024-03-17,29236,1122038348626,17094415000,306594,boom
2024-03-16,29274,1116048176340,16977495000,307357,boom
2024-03-15,29325,1101521343468,16724090000,306932,boom
2024-03-14,29553,1101542924382,16678510000,307717,normal
2024-03-13,29465,1113219762202,16608150000,307491,normal
2024-03-12,29377,1111725670359,16573985000,306572,normal
2024-03-11,28983,1104172232078,16494260000,302428,normal
2024-03-10,29472,1107576467791,16630825000,305632,normal
2024-03-09,29428,1110355885061,16665165000,306032,normal
2024-03-08,29232,1110617262043,16602670000,305287,normal
2024-03-07,29203,1114903779456,16511210000,305734,normal
2024-03-06,29258,1117855120036,16523335000,306374,normal
2024-03-05,29383,1114275272393,16564510000,305849,normal
2024-03-04,29055,1107730195039,16632170000,302740,normal
2024-03-03,29174,1104531808656,16569205000,304175,normal
2024-03-02,29113,1102377965942,16457310000,303777,normal
2024-03-01,29066,1100388759841,16558030000,303810,normal
2024-02-29,29181,1105713318364,16655835000,304441,normal
2024-02-28,29231,1107112791304,16753655000,305068,normal
2024-02-27,29154,1101379156770,16714560000,304026,normal
2024-02-26,28760,1092434290542,16669890000,300267,normal
2024-02-25,28959,1093330227943,16848250000,302534,normal
2024-02-24,28797,1096807022011,16984295000,302450,normal
2024-02-23,28824,1091756691228,17158340000,302505,normal
2024-02-22,28979,1086429733822,17387675000,303270,boom
2024-02-21,28904,1090785712138,17637125000,302697,boom
2024-02-20,28802,1088874774696,17863335000,301622,boom
2024-02-19,28541,1071162050723,17970650000,298182,boom
2024-02-18,28772,1066539403239,18388955000,300796,boom
2024-02-17,28812,1064784557724,18567260000,301104,boom
2024-02-16,28615,1063829963373,18655070000,299581,boom
2024-02-15,28572,1062855967921,18665590000,299328,normal
2024-02-14,28355,1064392421082,18624600000,298982,normal
2024-02-13,28408,1061567116859,18774225000,299303,normal
2024-02-12,28463,1054575763001,18881290000,296724,normal
2024-02-11,28825,1063547746188,19148275000,300446,normal
2024-02-10,28873,1065194228609,19164395000,301609,normal
2024-02-09,28741,1058751820340,19049195000,300795,normal
2024-02-08,28783,1053160130453,18959075000,300784,recession
2024-02-07,28917,1055990814519,19039980000,301384,recession
2024-02-06,29168,1066119268834,19071010000,302347,recession
2024-02-05,28867,1060438317385,18945480000,299254,recession
2024-02-04,28767,1061580540219,18743085000,299624,recession
2024-02-03,28886,1062114299568,18988615000,301108,recession
2024-02-02,28961,1059494872468,18849410000,301144,recession
2024-02-01,28969,1054693468410,18879285000,300549,recession
2024-01-31,29071,1052098821485,18854805000,300506,recession
2024-01-30,29171,1052287072688,18542645000,300223,recession
2024-01-29,28924,1047958788053,18479745000,297608,recession
2024-01-28,28975,1044647931201,18655810000,298725,recession
2024-01-27,28880,1049776230904,18706770000,299062,recession
2024-01-26,28837,1053801385537,18840110000,299289,recession
2024-01-25,28892,1051089102514,18889580000,299954,normal
2024-01-24,28995,1047329401749,18965725000,300240,normal
2024-01-23,29062,1044380898987,19220370000,300326,normal
2024-01-22,28428,1028288542591,19185870000,294709,normal
2024-01-21,28447,1036677154220,19283445000,295765,normal
2024-01-20,28453,1044344020266,19620040000,296613,normal
2024-01-19,16399,1037834043690,17769375000,223869,normal
2024-01-18,28599,1035081358336,19521025000,296269,normal
2024-01-17,28490,1035463280727,19591915000,296060,normal
2024-01-16,28539,1033865300263,19541040000,295368,normal
2024-01-15,28410,1033553036722,19453435000,292822,normal
2024-01-14,28625,1039573762907,19571915000,295664,normal
2024-01-13,28419,1036126125531,19540470000,295175,normal
2024-01-12,28158,1035319375235,19388660000,294316,normal
2024-01-11,28222,1034605366082,19123425000,294662,recession
2024-01-10,28353,1036082417495,18908190000,294745,recession
2024-01-09,29107,1037607732761,18847800000,298550,recession
2024-01-08,28162,1026595775274,18498710000,290974,recession
2024-01-07,28088,1029840127761,18282380000,291720,recession
2024-01-06,28739,1042772879110,$NaN,NaN,recession
2024-01-05,27900,1038663956520,17888455000,292500,recession
2024-01-04,28014,1036944296043,17593585000,292245,recession
2024-01-03,28017,1033731484911,17299225000,291841,recession
2024-01-02,27410,1027373539680,16889635000,287356,recession
2024-01-01,27407,1034946420529,16842145000,288227,recession
2023-12-31,27608,1038059912505,16652745000,289454,recession
2023-12-30,27549,1040149765087,16334355000,289413,recession
2023-12-29,27545,1042283644492,15997220000,289294,recession
2023-12-28,27676,1042883755913,15824770000,289751,normal
2023-12-27,27674,1042775705460,15683915000,289211,normal
2023-12-26,27733,1040336763589,15666385000,289617,normal
2023-12-25,27575,1038406918276,15691170000,288459,normal
2023-12-24,27679,1046074278417,15746500000,289522,normal
2023-12-23,28021,1043441135193,15622485000,291149,normal
2023-12-22,28272,1045560216298,15606930000,292323,normal
2023-12-21,28496,1047749444330,15593080000,293987,normal
2023-12-20,28444,1045060587422,15525165000,292870,normal
2023-12-19,28533,1039402082602,15613975000,292766,normal
2023-12-18,28483,1033561272902,15554960000,289756,normal
2023-12-17,28880,1037615332981,15502300000,292386,normal
2023-12-16,28706,1045508794392,15619185000,293036,normal
2023-12-15,28525,1044202922536,15627730000,292927,normal
2023-12-14,28349,1037741461552,15532815000,292023,boom
2023-12-13,28221,1035916714927,15552950000,291666,boom
2023-12-12,28447,1034700082691,15604480000,292306,boom
2023-12-11,27983,1024302324595,15621275000,288067,boom
2023-12-10,27893,1021097135723,15724660000,288567,boom
2023-12-09,27978,1024392046345,15748445000,289922,boom
2023-12-08,28081,1026142935455,15888105000,290517,boom
2023-12-07,28049,1020162129809,15908325000,289727,normal
2023-12-06,28202,1027802125433,15989475000,290775,normal
2023-12-05,28502,1025890030563,15986140000,291013,normal
2023-12-04,28150,1011348175214,15895200000,286875,normal
2023-12-03,28081,1006210306211,15926310000,287480,normal
2023-12-02,27969,1013695367916,16120020000,288266,normal
2023-12-01,27959,1018742746064,16248115000,287917,normal
2023-11-30,28120,1020466776977,16450030000,288266,boom
2023-11-29,28200,1015392220474,16632635000,287822,boom
2023-11-28,28293,1019987351140,16844560000,288049,boom
2023-11-27,27765,1000236440605,16896180000,283088,boom
2023-11-26,27763,998096316804,17024590000,283757,boom
2023-11-25,27609,990147890422,17149010000,283097,boom
2023-11-24,27765,997649558541,17313190000,284484,boom
2023-11-23,27940,1003014965650,17378575000,285950,normal
2023-11-22,27888,1000978166906,17502430000,285650,normal
2023-11-21,28006,997908873387,17501375000,285279,normal
2023-11-20,27709,993865828414,17322940000,281786,normal
2023-11-19,27948,1000616438059,17511165000,284176,normal
2023-11-18,27957,1018152279609,17681710000,285535,normal
2023-11-17,27771,1012134161601,17583525000,284162,normal
2023-11-16,27767,1013499722723,17600140000,284164,recession
2023-11-15,27622,1019045151553,17576900000,283143,recession
2023-11-14,27621,1020158133453,17474525000,282915,recession
2023-11-13,27213,1009744100827,17231430000,278544,recession
2023-11-12,27317,1006151735595,17187120000,279471,recession
2023-11-11,27364,1002409201429,17159565000,280510,recession
2023-11-10,27443,1006795045222,17117295000,281403,recession
2023-11-09,27452,1006853940037,17252210000,281822,normal
2023-11-08,27519,1011913500236,17225415000,281974,normal
2023-11-07,27853,1013711952424,17246265000,282437,normal
2023-11-06,27598,1008485491349,17149500000,279047,normal
2023-11-05,27622,1007766215884,17195700000,279630,normal
2023-11-04,27719,1004995630835,17221710000,280484,normal
2023-11-03,27785,1001604419498,16984365000,281014,normal
2023-11-02,27557,1001357091488,16626680000,280018,recession
2023-11-01,27620,997069361226,16504935000,279937,recession
2023-10-31,27749,1001951981856,16409670000,280407,recession
2023-10-30,27386,999019183177,16151475000,276434,recession
2023-10-29,27509,1001010753651,15943910000,278227,recession
2023-10-28,27449,1001296588482,15742125000,278232,recession
2023-10-27,27560,997322243824,15482940000,278653,recession
2023-10-26,27642,994055218180,15414115000,278913,normal
2023-10-25,27668,998825472182,15450485000,279345,normal
2023-10-24,27894,1004309416337,15480335000,280192,normal
2023-10-23,27455,990384009545,15311820000,275259,normal
2023-10-22,27328,986701508701,15467235000,276318,normal
2023-10-21,27112,989662287323,15492350000,276253,normal
2023-10-20,27297,987343252224,15466950000,277699,normal
2023-10-19,27849,997585435551,$NaN,NaN,normal
2023-10-18,27280,998051120094,15339490000,277575,normal
2023-10-17,27535,993220753605,15340450000,277494,normal
2023-10-16,27272,991669720911,15389075000,274471,normal
2023-10-15,27367,995543779871,15432615000,275949,normal
2023-10-14,27604,997058049810,15451755000,277499,normal
2023-10-13,27643,998737035951,15410590000,277381,normal
2023-10-12,27716,996998897071,15391475000,277725,normal
2023-10-11,27769,996932910670,15267195000,277576,normal
2023-10-10,27933,995992848750,15268905000,277257,normal
2023-10-09,27777,987212123998,15158135000,274746,normal
2023-10-08,27739,989912711541,15202825000,275891,normal
2023-10-07,27628,989032207451,15322640000,276192,normal
2023-10-06,27638,996152468511,15470060000,276404,normal
2023-10-05,27579,997106085178,15470745000,276062,normal
2023-10-04,27721,995111718431,15751920000,291430,normal
2023-10-03,28050,988545345133,15436190000,276988,normal
2023-10-02,27621,982477388903,15278400000,272782,normal
2023-10-01,27625,990042200285,15309100000,273819,normal
2023-09-30,27853,989758427731,15339995000,274857,normal
2023-09-29,27996,992091343456,15363115000,275137,normal
2023-09-28,28414,1002524769547,15449780000,278005,normal
2023-09-27,27776,1000112520863,15332135000,274153,normal
2023-09-26,28107,993852591404,15335540000,274544,normal
2023-09-25,27858,984074196317,15320390000,271156,normal
2023-09-24,27967,993087947071,15481400000,272624,normal
2023-09-23,27902,988636634450,15613680000,272312,normal
2023-09-22,27788,974478575788,15614255000,271795,normal
2023-09-21,27468,992935386804,15640500000,271084,normal
2023-09-20,27365,995883745774,15739700000,271074,normal
2023-09-19,27643,993746271081,15838925000,271064,normal
2023-09-18,27269,981858010916,15736085000,266879,normal
2023-09-17,27640,986472371613,15732420000,268298,normal
2023-09-16,28302,992953504938,15838845000,269682,normal
2023-09-15,29785,988186614628,15986065000,272865,normal
2023-09-14,31019,990647964600,16042960000,275220,normal
2023-09-13,29512,988498756053,16084250000,270839,normal
2023-09-12,27539,988050351612,16080900000,265618,normal
2023-09-11,26490,983721379980,15987010000,259477,normal
2023-09-10,26337,987657400561,16062505000,260435,normal
2023-09-09,25990,986884812081,16088975000,260488,normal
2023-09-08,25673,979152164840,15882995000,259952,normal
2023-09-07,25633,979749367994,15782105000,260265,recession
2023-09-06,25536,982661903114,15572730000,259682,recession
2023-09-05,25594,986874512568,15335345000,258422,recession
2023-09-04,25227,980902709735,15149695000,255902,recession
2023-09-03,24999,975197502976,15053175000,256816,recession
2023-09-02,24813,980487745063,14901690000,257540,recession
2023-09-01,24763,988181791555,14690610000,257519,recession
2023-08-31,24642,990209733058,14649900000,256987,normal
2023-08-30,24703,995850561825,14658625000,257714,normal
2023-08-29,24709,996324245405,14640275000,257015,normal
2023-08-28,24293,995949083858,14486495000,254244,normal
2023-08-27,24239,997604115771,14412710000,255237,normal
2023-08-26,24143,995758781740,14453500000,255648,normal
2023-08-25,24083,990198937349,14377270000,256276,normal
2023-08-24,24018,1001845885722,14358830000,256643,normal
2023-08-23,23987,998612876836,14182895000,256507,normal
2023-08-22,24101,986614934371,14202010000,256385,normal
2023-08-21,23806,993551643108,14160075000,253258,normal
2023-08-20,23704,999622415398,14161560000,254423,normal
2023-08-19,23627,1001442843388,14135855000,255085,normal
2023-08-17,23394,999712559926,14045975000,254859,normal
2023-08-16,23378,999506898721,13905430000,254693,normal
2023-08-15,23472,1006582411909,13931070000,255649,normal
2023-08-14,23190,1003217816114,13889880000,253110,normal
2023-08-13,23201,1002403620042,14019775000,253839,normal
2023-08-12,23261,1006513552357,13949275000,254718,normal
2023-08-11,23409,1009398567301,13849225000,255944,normal
2023-08-10,23424,1003835020527,13859405000,256341,normal
2023-08-09,23446,1007200080870,13878385000,256858,normal
2023-08-08,23643,1001164115638,13995625000,257719,normal
2023-08-07,23397,980844805451,13983670000,254774,normal
2023-08-06,23481,990414336843,13953615000,256961,normal
2023-08-05,23469,1015862004492,13927170000,257661,normal
2023-08-04,23425,1015580944912,13841070000,257638,normal
2023-08-03,23429,998801344761,13944565000,257817,boom
2023-08-02,23561,1002001603687,14005035000,258467,boom
2023-08-01,23772,994337250263,14159580000,259495,boom
2023-07-31,23600,991578655858,14291215000,257725,boom
2023-07-30,23528,990064368983,14423195000,258273,boom
2023-07-29,23547,995753818467,14543960000,259943,boom
2023-07-28,23604,988581323541,14605310000,260273,boom
2023-07-27,23793,996327073004,14820340000,261418,boom
2023-07-26,23859,988814964114,14936280000,261941,boom
2023-07-25,23850,990864020200,14946560000,261436,boom
2023-07-24,23602,976219131248,14981015000,258883,boom
2023-07-23,23546,983729182544,15181925000,260075,boom
2023-07-22,23608,968233252298,15216470000,260961,boom
2023-07-21,23688,982645668410,15189455000,261400,boom
2023-07-20,23813,972061313746,15190415000,261777,normal
2023-07-19,23888,983105199954,15360295000,261944,normal
2023-07-18,23936,984543688709,15369770000,262302,normal
2023-07-17,23644,980708470500,15305860000,259180,normal
2023-07-16,23605,992118928306,15562610000,260795,normal
2023-07-15,23764,996044820724,15761590000,263092,normal
2023-07-14,23782,983068368292,15863375000,262949,normal
2023-07-13,23962,991958805568,16017410000,263983,boom
2023-07-12,24392,996142974367,16287635000,266805,boom
2023-07-11,24177,987253866677,16670060000,265552,boom
2023-07-10,23888,974145994352,16879020000,262225,boom
2023-07-09,24052,978322291647,17118290000,263877,boom
2023-07-08,24228,979047366046,17422335000,265133,boom
2023-07-07,24251,979494676139,17601390000,265565,boom
2023-07-06,24233,983412551969,17710345000,265592,normal
2023-07-05,24243,980846414270,17962155000,266209,normal
2023-07-04,24385,979584392731,18116480000,266579,normal
2023-07-03,24240,969116852994,18275380000,265091,normal
2023-07-02,24189,963966016743,18361320000,265366,normal
2023-07-01,24238,960647781352,18509395000,266050,normal
2023-06-30,24239,965891647211,18616570000,266184,normal
2023-06-29,24424,976283943068,18660125000,267357,recession
2023-06-28,24453,967757439142,18611185000,267652,recession
2023-06-27,24568,954583316733,18573170000,268047,recession
2023-06-26,24370,937788680604,18535810000,265631,recession
2023-06-25,24360,947650557946,18503705000,266795,recession
2023-06-24,24284,954691169853,18494810000,267018,recession
2023-06-23,24322,956305522761,18540415000,267748,recession
2023-06-22,24489,954699542925,18558910000,268682,recession
2023-06-21,24565,951952197339,18555660000,268864,recession
2023-06-20,24684,952543964849,18636805000,269337,recession
2023-06-19,24411,950660405997,18551080000,266795,recession
2023-06-18,24483,947014545646,18502665000,268031,recession
2023-06-17,24478,946689502311,18568980000,268742,recession
2023-06-16,24585,944379617004,18474260000,269607,recession
2023-06-15,24694,949474921090,18444470000,270205,recession
2023-06-14,24792,953087704309,18459135000,271605,recession
2023-06-13,24882,952493212110,18485470000,271678,recession
2023-06-12,24723,943653900619,18306140000,269057,recession
2023-06-11,24998,950200935026,18436740000,272072,recession
2023-06-10,25764,963054661230,18603160000,277964,recession
2023-06-09,26107,973484356911,18641915000,281349,recession
2023-06-08,25579,962104336731,18592835000,277836,recession
2023-06-07,25162,957509495062,18507975000,273367,recession
2023-06-06,25233,957303722144,18663165000,273765,recession
2023-06-05,25015,937530320084,18608160000,271065,recession
2023-06-04,25123,951792178003,18586925000,272564,recession
2023-06-03,25107,960617077832,18507770000,273721,recession
2023-06-02,25333,960672721551,18570620000,275547,recession
2023-06-01,25222,957155940614,18626575000,274192,normal
2023-05-31,25158,954356315812,18611700000,273344,normal
2023-05-30,25420,956039599571,18562680000,274383,normal
2023-05-29,25106,940677071583,18501360000,271596,normal
2023-05-28,25318,944824145171,18518665000,274235,normal
2023-05-27,25404,943529801065,18452405000,275103,normal
2023-05-26,25628,935855886557,18324635000,276763,normal
2023-05-25,25758,949502588260,18091950000,277853,recession
2023-05-24,25756,949837221039,17769340000,277917,recession
2023-05-23,25764,936165471587,17639650000,277632,recession
2023-05-22,25398,941366635354,17321905000,273963,recession
2023-05-21,25520,948286477848,17095365000,275578,recession
2023-05-20,25581,951037342202,16855050000,276872,recession
2023-05-19,25574,946221694849,16585255000,277185,recession
2023-05-18,25642,957038381733,16253090000,277750,recession
2023-05-17,25801,954115180648,16030625000,278581,recession
2023-05-16,25867,955768235295,15854470000,278982,recession
2023-05-15,25338,951752197360,15537835000,274547,recession
2023-05-14,25621,959279419131,15372185000,278055,recession
2023-05-13,25923,969956638460,14995665000,280047,recession
2023-05-12,26079,975077344059,14713505000,280872,recession
2023-05-11,26249,973584457477,14688370000,282757,normal
2023-05-10,26391,970163600314,14735685000,283641,normal
2023-05-09,26323,962818298494,14663325000,281718,normal
2023-05-08,25953,962017980505,14526005000,278554,normal
2023-05-07,26225,967098670502,14522400000,281598,normal
2023-05-06,26356,970328050576,$NaN,NaN,normal
2023-05-05,26415,970596180111,14619410000,283453,normal
2023-05-04,26367,969503801577,14570570000,282671,boom
2023-05-03,26728,966668949681,14604220000,284222,boom
2023-05-02,27071,966051949518,14711155000,285736,boom
2023-05-01,26340,962659633224,14650460000,280892,boom
2023-04-29,26751,974160735786,15045840000,285996,boom
2023-04-28,26861,974915665582,15059005000,286395,boom
2023-04-27,26958,967208842271,15215385000,286941,boom
2023-04-26,26985,964686538711,15331065000,287550,boom
2023-04-25,27051,967013628408,15268725000,287093,boom
2023-04-24,26580,959435492268,15338120000,282300,boom
2023-04-23,26756,957532834151,15465620000,284598,boom
2023-04-22,26931,960736423845,15573925000,286288,boom
2023-04-21,27031,958643563953,15686615000,287394,boom
2023-04-20,27095,957704946134,15876825000,288678,boom
2023-04-19,27169,956441688767,15984785000,288821,boom
2023-04-18,27149,949734733814,16021945000,287775,boom
2023-04-17,26705,948415855436,15924825000,283855,boom
2023-04-16,27004,953530129295,16044730000,286351,boom
2023-04-15,27082,954800061994,16113075000,287104,boom
2023-04-14,27166,953698298691,16131610000,288143,boom
2023-04-13,27283,949857770343,15994645000,288714,normal
2023-04-12,27344,949507631412,16114380000,288625,normal
2023-04-10,27115,943153294470,16067580000,285145,normal
2023-04-08,27289,941866744095,16191395000,286900,normal
2023-04-07,27271,940651051943,16210330000,287270,normal
2023-04-06,27448,948161898984,16222425000,288857,normal
2023-04-05,27510,944339287651,16344130000,289066,normal
2023-04-04,27680,944525302426,16468870000,289755,normal
2023-04-03,27357,945704518405,16323790000,286238,normal
2023-04-02,27490,948475167570,16504065000,288132,normal
2023-04-01,27832,952344100018,16642085000,290227,normal
2023-03-31,28268,954920396431,16833135000,291542,normal
2023-03-30,28393,942290245820,16845505000,291344,normal
2023-03-29,28683,942079660408,17146580000,293379,normal
2023-03-28,28937,943844538963,17192440000,293394,normal
2023-03-27,28304,934414321649,17098815000,288875,normal
2023-03-26,28321,931076381101,17372490000,290683,normal
2023-03-25,28469,931068305639,17592390000,292216,normal
2023-03-24,28220,934193770667,17867220000,291392,normal
2023-03-23,28069,932266155649,18024540000,291323,normal
2023-03-22,28483,929164622104,18172270000,292688,normal
2023-03-21,28681,927355182288,18368825000,293491,normal
2023-03-20,27896,921271866875,18293315000,288402,normal
2023-03-19,27982,928502644971,18612390000,289981,normal
2023-03-18,28310,931152896924,18757895000,300997,normal
2023-03-17,28398,930771357067,18803145000,307816,normal
2023-03-16,28665,925583216999,18958800000,292982,normal
2023-03-15,28720,934800814009,19125920000,293615,normal
2023-03-14,29384,933190386499,19216565000,297900,normal
2023-03-13,28071,922658360422,19061830000,289260,normal
2023-03-12,28148,929394094627,19169245000,292052,normal
2023-03-11,28298,924448833792,19112900000,292829,normal
2023-03-10,28035,915650097538,18756750000,291839,normal
2023-03-09,27969,917735914979,18531835000,292120,recession
2023-03-08,27895,922045582945,18362910000,292074,recession
2023-03-07,28149,926211133677,18383410000,293402,recession
2023-03-06,28054,932778594776,$NaN,NaN,recession
2023-03-05,28994,940844171939,18094690000,300417,recession
2023-03-04,28970,939807543096,17699915000,301226,recession
2023-03-03,28730,941766772300,17256820000,300623,recession
2023-03-02,28837,944928831922,16945545000,301770,recession
2023-03-01,29165,946081305768,16647080000,302393,recession
2023-02-28,29682,950076751793,16365880000,303474,recession
2023-02-27,29327,945891983959,16103130000,299918,recession
2023-02-26,29050,953276601984,15862280000,300511,recession
2023-02-25,29065,953794606916,15634400000,300707,recession
2023-02-24,29356,950595845987,15336245000,300905,recession
2023-02-23,29426,949524852485,15302855000,301671,normal
2023-02-22,29064,947666913240,15314655000,301438,normal
2023-02-21,28792,949425096291,15363620000,300205,normal
2023-02-20,28707,943166421455,15294390000,298375,normal
2023-02-19,28910,946656769178,15291005000,300331,normal
2023-02-18,28882,949993074207,15337290000,301184,normal
2023-02-17,28987,950223794091,15387570000,301330,normal
2023-02-16,28982,948764966396,15476395000,301292,boom
2023-02-15,29207,948534217544,15584610000,302005,boom
2023-02-14,29367,944249906383,15700500000,302884,boom
2023-02-13,28661,939370639676,15511790000,298520,boom
2023-02-12,28612,938503683290,15559395000,300147,boom
2023-02-11,28661,943461028160,15698270000,300963,boom
2023-02-10,28719,941360674813,15782155000,301334,boom
2023-02-09,28832,939022023640,15801865000,301240,boom
2023-02-08,28816,941750928165,15927660000,300994,boom
2023-02-07,28747,941303166974,15983915000,301519,boom
2023-02-06,28404,933530777674,15936320000,298421,boom
2023-02-05,28648,934848872145,16083270000,300922,boom
2023-02-04,28818,941863947602,16229765000,302658,boom
2023-02-03,28608,943331412605,16261285000,302549,boom
2023-02-02,28503,946860867480,16225055000,302570,boom
2023-02-01,28530,941662928976,16324740000,302888,boom
2023-01-31,28587,939797371315,16295105000,302610,boom
2023-01-30,28085,932558636549,16166465000,298571,boom
2023-01-29,28207,933320312585,16308250000,300695,boom
2023-01-28,28360,928444717070,16130705000,300716,boom
2023-01-27,28342,924278924164,16032930000,300849,boom
2023-01-26,28214,928562229802,16017025000,300761,normal
2023-01-25,28339,929006586796,15967915000,301642,normal
2023-01-24,28393,925741243137,15899915000,302066,normal
2023-01-23,27812,920276399581,15757500000,297739,normal
2023-01-22,27855,924854127239,15707360000,299264,normal
2023-01-21,27769,925734027850,15601530000,299739,normal
2023-01-20,27991,926664510732,15657160000,300635,normal
2023-01-19,28033,926580220978,15648755000,300585,normal
2023-01-18,27856,930335905284,15590285000,299693,normal
2023-01-17,27777,931199484559,15593805000,299268,normal
2023-01-16,27733,926109210486,15641220000,298500,normal
2023-01-15,27943,926173612157,15675995000,300776,normal
2023-01-14,27873,926469014821,15615990000,300981,normal
2023-01-13,27838,930116583239,15635880000,300999,normal
2023-01-12,27894,930208555862,15755385000,301482,normal
2023-01-11,27920,928327486740,15755815000,301700,normal
2023-01-10,27949,926145524679,15774605000,300932,normal
2023-01-09,27659,919122698532,15767655000,298670,normal
2023-01-08,27749,925496898518,15799150000,300382,normal
2023-01-07,27585,925373020578,15786455000,299846,normal
2023-01-06,27604,920879070529,15896785000,300889,normal
2023-01-05,27712,921299011153,15893350000,302017,boom
2023-01-04,27805,919883918142,16113505000,302052,boom
2023-01-03,27603,917163751755,16030065000,300213,boom
2023-01-02,27152,906748870175,15883550000,296894,boom
2023-01-01,27314,914558536689,15919800000,299419,boom
2022-12-31,27560,920241120632,15909420000,301369,boom
2022-12-30,27603,916998008089,15852710000,301479,boom
2022-12-29,27673,919345831286,15814630000,301671,normal
2022-12-28,27699,919928968252,15687640000,301661,normal
2022-12-27,27734,914246439097,15728755000,301186,normal
2022-12-26,27339,897924678541,15703800000,298186,normal
2022-12-25,27225,896554206775,15786875000,299258,normal
2022-12-24,27386,907409593330,15840470000,301417,normal
2022-12-23,27577,908872391583,15888625000,302682,normal
2022-12-22,27647,908332279044,15989685000,303594,normal
2022-12-21,27699,903948363419,15985145000,304157,normal
2022-12-20,27681,903325248981,15944240000,303154,normal
2022-12-19,27552,901371767493,16025965000,301825,normal
2022-12-18,27731,907525890155,16136830000,303941,normal
2022-12-17,27862,902042904364,16260695000,305854,normal
2022-12-16,27872,903068398895,16411935000,306205,normal
2022-12-15,28079,895635483326,16350915000,307382,normal
2022-12-14,28245,893912268435,16627465000,308655,normal
2022-12-13,28461,897362872107,16747005000,309615,normal
2022-12-12,27962,895350753881,16672695000,305290,normal
2022-12-11,28108,892712363019,16696545000,307230,normal
2022-12-10,28382,896122010916,16677000000,309985,normal
2022-12-09,28866,896384514586,16950255000,313392,normal
2022-12-08,28500,892215917775,16926080000,311026,normal
2022-12-07,28648,889559192781,17053870000,312107,normal
2022-12-06,28811,891343761305,16995990000,312659,normal
2022-12-05,28498,889651213072,16981690000,309834,normal
2022-12-04,28657,887619211481,17198040000,311782,normal
2022-12-03,28730,887089525999,17292400000,312809,normal
2022-12-02,28830,893145618462,17428580000,314274,normal
2022-12-01,28771,889105958139,17508895000,314148,normal
2022-11-30,28860,882183021640,17827785000,314009,normal
2022-11-29,29010,880647883681,17913810000,314254,normal
2022-11-28,28619,874857281542,17918750000,310993,normal
2022-11-27,28435,871892815980,18017905000,310755,normal
2022-11-26,28406,871390323812,18191235000,311284,normal
2022-11-25,28581,873982175954,18458285000,313314,normal
2022-11-24,28756,867357040110,18482315000,314353,normal
2022-11-23,28879,864671224658,18579265000,314941,normal
2022-11-22,29130,867681358803,18879565000,316256,normal
2022-11-21,28810,860743779750,19071285000,313734,normal
2022-11-20,29021,862930715044,19283810000,316649,normal
2022-11-19,29089,861442638861,19352225000,317682,normal
2022-11-18,29276,865414760430,19504940000,318842,normal
2022-11-17,29364,861726466842,19523830000,319018,recession
2022-11-16,29216,862811337556,19656660000,318738,recession
2022-11-15,29136,863495436421,19590145000,318902,recession
2022-11-14,28588,859605377044,19601140000,315423,recession
2022-11-13,28749,857549286306,19602685000,316831,recession
2022-11-12,28916,863070562643,19500565000,318646,recession
2022-11-11,28892,861589928750,19431215000,318847,recession
2022-11-10,29080,861829618204,19492430000,319970,normal
2022-11-09,29148,859742738342,19501755000,320213,normal
2022-11-08,29242,857111859137,19707280000,320877,normal
2022-11-07,28897,851164651138,19672400000,317745,normal
2022-11-06,29205,851130996672,19699315000,320408,normal
2022-11-05,29559,854658179326,19695200000,322337,normal
2022-11-04,29909,853182049686,19545300000,323264,normal
2022-11-03,30220,857938128728,19420860000,325161,recession
2022-11-02,30240,851929765994,19331995000,325194,recession
2022-11-01,30246,848168340960,19117645000,325086,recession
2022-10-31,30001,849039508327,18898435000,322529,recession
2022-10-30,30296,851234790257,18869245000,325492,recession
2022-10-29,30421,849158623427,18667340000,326998,recession
2022-10-28,30501,856221567179,18478605000,327330,recession
2022-10-27,30672,856824232453,18311370000,328605,recession
2022-10-26,30891,857542200358,18077400000,330619,recession
2022-10-25,30991,853516766779,17800700000,330332,recession
2022-10-24,30604,844876428561,17389885000,326796,recession
2022-10-23,30834,853315551722,17257080000,329432,recession
2022-10-22,30733,855020014022,17026790000,328932,recession
2022-10-21,30587,840502570921,16682895000,328176,recession
2022-10-20,30804,839359667825,16583780000,329268,normal
2022-10-19,30840,835919293553,16604530000,329633,normal
2022-10-18,31032,843952323436,16641615000,330431,normal
2022-10-17,30644,837662618847,16562180000,326709,normal
2022-10-16,30858,842745394627,16649700000,329481,normal
2022-10-15,31156,842387894693,16810025000,331502,normal
2022-10-14,33645,866710020102,17361520000,348863,normal
2022-10-13,33644,865215188564,17401750000,349137,normal
2022-10-12,33366,862895446238,17450365000,347426,normal
2022-10-11,33132,855748105663,17450545000,345347,normal
2022-10-10,33178,854497854297,17472950000,346187,normal
2022-10-09,33284,862051799394,17624155000,347588,normal
2022-10-08,33547,865008775052,17799250000,349893,normal
2022-10-07,33941,866717267155,17941420000,353031,normal
2022-10-06,33934,866623780360,18085495000,353309,boom
2022-10-05,34149,863448723532,18269260000,354221,boom
2022-10-04,33991,860194195791,18384205000,353317,boom
2022-10-03,34083,854860718527,18579645000,354319,boom
2022-10-02,34070,856159017551,18696095000,354739,boom
2022-10-01,34083,849980474501,18579535000,354799,boom
2022-09-30,34226,852169356376,18513245000,355112,boom
2022-09-29,34356,849135230927,18584885000,356270,normal
2022-09-28,34600,850092535980,18710830000,357428,normal
2022-09-27,34429,848100017411,18661895000,356064,normal
2022-09-26,34410,845570359342,18567930000,355451,normal
2022-09-25,34423,841180378292,18614260000,355883,normal
2022-09-24,34469,843676946013,18505340000,355847,normal
2022-09-23,34537,841359292189,18410810000,355706,normal