,game.phase,start,end,weeks,days
1,normal,12/12/2025,12/26/2025,2,14
2,recession,12/5/2025,12/12/2025,1,7
3,normal,11/7/2025,12/5/2025,4,28
4,recession,10/31/2025,11/7/2025,1,7
5,normal,10/24/2025,10/31/2025,1,7
6,recession,10/17/2025,10/24/2025,1,7
7,normal,10/10/2025,10/17/2025,1,7
8,boom,10/3/2025,10/10/2025,1,7
9,normal,9/12/2025,10/3/2025,3,21
10,boom,9/5/2025,9/12/2025,1,7
11,normal,8/29/2025,9/5/2025,1,7
12,boom,8/22/2025,8/29/2025,1,7
13,normal,7/25/2025,8/22/2025,4,28
14,boom,6/20/2025,7/25/2025,5,35
15,normal,5/30/2025,6/20/2025,3,21
16,boom,5/23/2025,5/30/2025,1,7
17,normal,5/9/2025,5/23/2025,2,14
18,recession,4/4/2025,5/9/2025,5,35
19,normal,3/14/2025,4/4/2025,3,21
20,boom,3/7/2025,3/14/2025,1,7
21,normal,2/28/2025,3/7/2025,1,7
22,boom,2/21/2025,2/28/2025,1,7
23,normal,1/24/2025,2/21/2025,4,28
24,boom,1/17/2025,1/24/2025,1,7
25,normal,12/27/2024,1/17/2025,3,21
26,boom,12/13/2024,12/27/2024,2,14
27,normal,10/25/2024,12/13/2024,7,49
28,boom,10/18/2024,10/25/2024,1,7
29,normal,10/11/2024,10/18/2024,1,7
30,recession,9/6/2024,10/11/2024,5,35
31,normal,8/30/2024,9/6/2024,1,7
32,boom,8/23/2024,8/30/2024,1,7
33,normal,7/19/2024,8/23/2024,5,35
34,recession,6/14/2024,7/19/2024,5,35
35,normal,6/7/2024,6/14/2024,1,7
36,recession,5/31/2024,6/7/2024,1,7
37,normal,5/3/2024,5/31/2024,4,28
38,recession,4/26/2024,5/3/2024,1,7
39,normal,3/22/2024,4/26/2024,5,35
40,boom,3/15/2024,3/22/2024,1,7
41,normal,2/23/2024,3/15/2024,3,21
42,boom,2/16/2024,2/23/2024,1,7
43,normal,2/9/2024,2/16/2024,1,7
44,recession,1/26/2024,2/9/2024,2,14
45,normal,1/12/2024,1/26/2024,2,14
46,recession,12/29/2023,1/12/2024,2,14
47,normal,12/15/2023,12/29/2023,2,14
48,boom,12/8/2023,12/15/2023,1,7
49,normal,12/1/2023,12/8/2023,1,7
50,boom,11/24/2023,12/1/2023,1,7
51,normal,11/17/2023,11/24/2023,1,7
52,recession,11/10/2023,11/17/2023,1,7
53,normal,11/3/2023,11/10/2023,1,7
54,recession,10/27/2023,11/3/2023,1,7
55,normal,9/8/2023,10/27/2023,7,49
56,recession,9/1/2023,9/8/2023,1,7
57,normal,8/4/2023,9/1/2023,4,28
58,boom,7/21/2023,8/4/2023,2,14
59,normal,7/14/2023,7/21/2023,1,7
60,boom,7/7/2023,7/14/2023,1,7
61,normal,6/30/2023,7/7/2023,1,7
62,recession,6/2/2023,6/30/2023,4,28
63,normal,5/26/2023,6/2/2023,1,7
64,recession,5/12/2023,5/26/2023,2,14
65,normal,5/5/2023,5/12/2023,1,7
66,boom,4/14/2023,5/5/2023,3,21
67,normal,3/10/2023,4/14/2023,5,35
68,recession,2/24/2023,3/10/2023,2,14
69,normal,2/17/2023,2/24/2023,1,7
70,boom,1/27/2023,2/17/2023,3,21
71,normal,1/6/2023,1/27/2023,3,21
72,boom,12/30/2022,1/6/2023,1,7
73,normal,11/18/2022,12/30/2022,6,42
74,recession,11/11/2022,11/18/2022,1,7
75,normal,11/4/2022,11/11/2022,1,7
76,recession,10/21/2022,11/4/2022,2,14
77,normal,10/7/2022,10/21/2022,2,14
78,boom,9/30/2022,10/7/2022,1,7
79,normal,8/26/2022,9/30/2022,5,35
80,boom,8/19/2022,8/26/2022,1,7
81,normal,8/12/2022,8/19/2022,1,7
82,boom,7/29/2022,8/12/2022,2,14
83,normal,7/22/2022,7/29/2022,1,7
84,recession,7/15/2022,7/22/2022,1,7
85,normal,7/1/2022,7/15/2022,2,14
86,recession,6/10/2022,7/1/2022,3,21
87,normal,5/27/2022,6/10/2022,2,14
88,boom,5/13/2022,5/27/2022,2,14
89,normal,4/29/2022,5/13/2022,2,14
90,recession,4/15/2022,4/29/2022,2,14
91,normal,3/25/2022,4/15/2022,3,21
92,recession,2/25/2022,3/25/2022,4,28
93,normal,2/11/2022,2/25/2022,2,14
94,boom,2/4/2022,2/11/2022,1,7
95,normal,12/31/2021,2/4/2022,5,35
96,recession,12/24/2021,12/31/2021,1,7
97,normal,12/10/2021,12/24/2021,2,14
98,boom,11/5/2021,12/10/2021,5,35
99,normal,10/22/2021,11/5/2021,2,14
100,boom,10/8/2021,10/22/2021,2,14
101,normal,10/1/2021,10/8/2021,1,7
102,boom,9/24/2021,10/1/2021,1,7
103,normal,9/3/2021,9/24/2021,3,21
104,recession,8/27/2021,9/3/2021,1,7
105,normal,7/23/2021,8/27/2021,5,35
106,boom,7/16/2021,7/23/2021,1,7
107,normal,7/2/2021,7/16/2021,2,14
108,recession,6/18/2021,7/2/2021,2,14
109,normal,6/11/2021,6/18/2021,1,7
110,boom,6/4/2021,6/11/2021,1,7
111,normal,5/28/2021,6/4/2021,1,7
112,recession,5/21/2021,5/28/2021,1,7
113,normal,5/14/2021,5/21/2021,1,7
114,recession,4/9/2021,5/14/2021,5,35
115,normal,4/2/2021,4/9/2021,1,7
116,boom,3/26/2021,4/2/2021,1,7
117,normal,3/12/2021,3/26/2021,2,14
118,recession,3/5/2021,3/12/2021,1,7
119,normal,2/5/2021,3/5/2021,4,28
120,recession,1/29/2021,2/5/2021,1,7
121,normal,12/25/2020,1/29/2021,5,35
122,boom,12/18/2020,12/25/2020,1,7
123,normal,12/11/2020,12/18/2020,1,7
124,boom,11/27/2020,12/11/2020,2,14
125,normal,10/2/2020,11/27/2020,8,56
126,boom,9/25/2020,10/2/2020,1,7
127,normal,9/11/2020,9/25/2020,2,14
128,recession,8/21/2020,9/11/2020,3,21
129,normal,8/7/2020,8/21/2020,2,14
130,recession,7/17/2020,8/7/2020,3,21
131,normal,7/10/2020,7/17/2020,1,7
132,recession,6/26/2020,7/10/2020,2,14
133,normal,6/12/2020,6/26/2020,2,14
134,recession,5/29/2020,6/12/2020,2,14
135,normal,5/22/2020,5/29/2020,1,7
136,recession,4/17/2020,5/22/2020,5,35
137,normal,4/10/2020,4/17/2020,1,7
138,boom,3/27/2020,4/10/2020,2,14
139,normal,2/14/2020,3/27/2020,6,42
140,boom,1/24/2020,2/14/2020,3,21
141,normal,1/10/2020,1/24/2020,2,14
142,recession,1/3/2020,1/10/2020,1,7
143,normal,12/13/2019,1/3/2020,3,21
144,recession,11/15/2019,12/13/2019,4,28
145,normal,11/8/2019,11/15/2019,1,7
146,boom,10/25/2019,11/8/2019,2,14
147,normal,10/18/2019,10/25/2019,1,7
148,recession,10/11/2019,10/18/2019,1,7
149,normal,10/3/2019,10/11/2019,2,8
150,boom,9/14/2019,10/3/2019,3,19
151,normal,7/20/2019,9/14/2019,8,56
152,boom,5/24/2019,7/20/2019,9,57
153,normal,5/17/2019,5/24/2019,1,7
154,recession,5/10/2019,5/17/2019,1,7
155,normal,5/3/2019,5/10/2019,1,7
156,boom,4/27/2019,5/3/2019,1,6
157,normal,3/30/2019,4/27/2019,4,28
158,boom,3/23/2019,3/30/2019,1,7
159,normal,3/16/2019,3/23/2019,1,7