Financial ratios,,
Date,12/23/2025,12/24/2025
Profitability ratios,,
Gross Margin,24.90%,37.97%
Operating Margin,144.22%,32.80%
Net Profit Margin,321.49%,105.46%
Return on Quick Assets,1131.34%,305.98%
Return on Equity,94.68%,43.42%
Sales per Employee,69.488,76.084
Income per Employee,223.398,80.238
,,
Operating Efficiency,,
Inventory Turnover,0.387,0.573
Assets Turnover,0.295,0.412
Operating Assets Turnover,0.463,0.701
,,
Liquidity Ratios,,
Defensive Interval,0.153,0.239
,,
Interest Coverage,-,-
Debt to Building Ratio,0.00%,0.00%