game.phase,start,end,weeks,days,phase.code
normal,2025-12-12,2025-12-26,2,14,0
recession,2025-12-05,2025-12-12,1,7,-1
normal,2025-11-07,2025-12-05,4,28,0
recession,2025-10-31,2025-11-07,1,7,-1
normal,2025-10-24,2025-10-31,1,7,0
recession,2025-10-17,2025-10-24,1,7,-1
normal,2025-10-10,2025-10-17,1,7,0
boom,2025-10-03,2025-10-10,1,7,1
normal,2025-09-12,2025-10-03,3,21,0
boom,2025-09-05,2025-09-12,1,7,1
normal,2025-08-29,2025-09-05,1,7,0
boom,2025-08-22,2025-08-29,1,7,1
normal,2025-07-25,2025-08-22,4,28,0
boom,2025-06-20,2025-07-25,5,35,1
normal,2025-05-30,2025-06-20,3,21,0
boom,2025-05-23,2025-05-30,1,7,1
normal,2025-05-09,2025-05-23,2,14,0
recession,2025-04-04,2025-05-09,5,35,-1
normal,2025-03-14,2025-04-04,3,21,0
boom,2025-03-07,2025-03-14,1,7,1
normal,2025-02-28,2025-03-07,1,7,0
boom,2025-02-21,2025-02-28,1,7,1
normal,2025-01-24,2025-02-21,4,28,0
boom,2025-01-17,2025-01-24,1,7,1
normal,2024-12-27,2025-01-17,3,21,0
boom,2024-12-13,2024-12-27,2,14,1
normal,2024-10-25,2024-12-13,7,49,0
boom,2024-10-18,2024-10-25,1,7,1
normal,2024-10-11,2024-10-18,1,7,0
recession,2024-09-06,2024-10-11,5,35,-1
normal,2024-08-30,2024-09-06,1,7,0
boom,2024-08-23,2024-08-30,1,7,1
normal,2024-07-19,2024-08-23,5,35,0
recession,2024-06-14,2024-07-19,5,35,-1
normal,2024-06-07,2024-06-14,1,7,0
recession,2024-05-31,2024-06-07,1,7,-1
normal,2024-05-03,2024-05-31,4,28,0
recession,2024-04-26,2024-05-03,1,7,-1
normal,2024-03-22,2024-04-26,5,35,0
boom,2024-03-15,2024-03-22,1,7,1
normal,2024-02-23,2024-03-15,3,21,0
boom,2024-02-16,2024-02-23,1,7,1
normal,2024-02-09,2024-02-16,1,7,0
recession,2024-01-26,2024-02-09,2,14,-1
normal,2024-01-12,2024-01-26,2,14,0
recession,2023-12-29,2024-01-12,2,14,-1
normal,2023-12-15,2023-12-29,2,14,0
boom,2023-12-08,2023-12-15,1,7,1
normal,2023-12-01,2023-12-08,1,7,0
boom,2023-11-24,2023-12-01,1,7,1
normal,2023-11-17,2023-11-24,1,7,0
recession,2023-11-10,2023-11-17,1,7,-1
normal,2023-11-03,2023-11-10,1,7,0
recession,2023-10-27,2023-11-03,1,7,-1
normal,2023-09-08,2023-10-27,7,49,0
recession,2023-09-01,2023-09-08,1,7,-1
normal,2023-08-04,2023-09-01,4,28,0
boom,2023-07-21,2023-08-04,2,14,1
normal,2023-07-14,2023-07-21,1,7,0
boom,2023-07-07,2023-07-14,1,7,1
normal,2023-06-30,2023-07-07,1,7,0
recession,2023-06-02,2023-06-30,4,28,-1
normal,2023-05-26,2023-06-02,1,7,0
recession,2023-05-12,2023-05-26,2,14,-1
normal,2023-05-05,2023-05-12,1,7,0
boom,2023-04-14,2023-05-05,3,21,1
normal,2023-03-10,2023-04-14,5,35,0
recession,2023-02-24,2023-03-10,2,14,-1
normal,2023-02-17,2023-02-24,1,7,0
boom,2023-01-27,2023-02-17,3,21,1
normal,2023-01-06,2023-01-27,3,21,0
boom,2022-12-30,2023-01-06,1,7,1
normal,2022-11-18,2022-12-30,6,42,0
recession,2022-11-11,2022-11-18,1,7,-1
normal,2022-11-04,2022-11-11,1,7,0
recession,2022-10-21,2022-11-04,2,14,-1
normal,2022-10-07,2022-10-21,2,14,0
boom,2022-09-30,2022-10-07,1,7,1
normal,2022-08-26,2022-09-30,5,35,0
boom,2022-08-19,2022-08-26,1,7,1
normal,2022-08-12,2022-08-19,1,7,0
boom,2022-07-29,2022-08-12,2,14,1
normal,2022-07-22,2022-07-29,1,7,0
recession,2022-07-15,2022-07-22,1,7,-1
normal,2022-07-01,2022-07-15,2,14,0
recession,2022-06-10,2022-07-01,3,21,-1
normal,2022-05-27,2022-06-10,2,14,0
boom,2022-05-13,2022-05-27,2,14,1
normal,2022-04-29,2022-05-13,2,14,0
recession,2022-04-15,2022-04-29,2,14,-1
normal,2022-03-25,2022-04-15,3,21,0
recession,2022-02-25,2022-03-25,4,28,-1
normal,2022-02-11,2022-02-25,2,14,0
boom,2022-02-04,2022-02-11,1,7,1
normal,2021-12-31,2022-02-04,5,35,0
recession,2021-12-24,2021-12-31,1,7,-1
normal,2021-12-10,2021-12-24,2,14,0
boom,2021-11-05,2021-12-10,5,35,1
normal,2021-10-22,2021-11-05,2,14,0
boom,2021-10-08,2021-10-22,2,14,1
normal,2021-10-01,2021-10-08,1,7,0
boom,2021-09-24,2021-10-01,1,7,1
normal,2021-09-03,2021-09-24,3,21,0
recession,2021-08-27,2021-09-03,1,7,-1
normal,2021-07-23,2021-08-27,5,35,0
boom,2021-07-16,2021-07-23,1,7,1
normal,2021-07-02,2021-07-16,2,14,0
recession,2021-06-18,2021-07-02,2,14,-1
normal,2021-06-11,2021-06-18,1,7,0
boom,2021-06-04,2021-06-11,1,7,1
normal,2021-05-28,2021-06-04,1,7,0
recession,2021-05-21,2021-05-28,1,7,-1
normal,2021-05-14,2021-05-21,1,7,0
recession,2021-04-09,2021-05-14,5,35,-1
normal,2021-04-02,2021-04-09,1,7,0
boom,2021-03-26,2021-04-02,1,7,1
normal,2021-03-12,2021-03-26,2,14,0
recession,2021-03-05,2021-03-12,1,7,-1
normal,2021-02-05,2021-03-05,4,28,0
recession,2021-01-29,2021-02-05,1,7,-1
normal,2020-12-25,2021-01-29,5,35,0
boom,2020-12-18,2020-12-25,1,7,1
normal,2020-12-11,2020-12-18,1,7,0
boom,2020-11-27,2020-12-11,2,14,1
normal,2020-10-02,2020-11-27,8,56,0
boom,2020-09-25,2020-10-02,1,7,1
normal,2020-09-11,2020-09-25,2,14,0
recession,2020-08-21,2020-09-11,3,21,-1
normal,2020-08-07,2020-08-21,2,14,0
recession,2020-07-17,2020-08-07,3,21,-1
normal,2020-07-10,2020-07-17,1,7,0
recession,2020-06-26,2020-07-10,2,14,-1
normal,2020-06-12,2020-06-26,2,14,0
recession,2020-05-29,2020-06-12,2,14,-1
normal,2020-05-22,2020-05-29,1,7,0
recession,2020-04-17,2020-05-22,5,35,-1
normal,2020-04-10,2020-04-17,1,7,0
boom,2020-03-27,2020-04-10,2,14,1
normal,2020-02-14,2020-03-27,6,42,0
boom,2020-01-24,2020-02-14,3,21,1
normal,2020-01-10,2020-01-24,2,14,0
recession,2020-01-03,2020-01-10,1,7,-1
normal,2019-12-13,2020-01-03,3,21,0
recession,2019-11-15,2019-12-13,4,28,-1
normal,2019-11-08,2019-11-15,1,7,0
boom,2019-10-25,2019-11-08,2,14,1
normal,2019-10-18,2019-10-25,1,7,0
recession,2019-10-11,2019-10-18,1,7,-1
normal,2019-10-03,2019-10-11,2,8,0
boom,2019-09-14,2019-10-03,3,19,1
normal,2019-07-20,2019-09-14,8,56,0
boom,2019-05-24,2019-07-20,9,57,1
normal,2019-05-17,2019-05-24,1,7,0
recession,2019-05-10,2019-05-17,1,7,-1
normal,2019-05-03,2019-05-10,1,7,0
boom,2019-04-27,2019-05-03,1,6,1
normal,2019-03-30,2019-04-27,4,28,0
boom,2019-03-23,2019-03-30,1,7,1
normal,2019-03-16,2019-03-23,1,7,0