,,,2025-12-28,
ResourceId,Name,Quality,Market Price,Retail Price
1,Power,0,0.27,0.00
2,Water,0,0.37,0.00
3,Apples,0,2.55,6.35
4,Oranges,0,2.65,7.27
5,Grapes,0,3.10,8.33
6,Grain,0,0.71,0.00
7,Steak,0,44.00,60.11
8,Sausages,0,12.00,16.54
9,Eggs,0,1.30,2.56
10,Crude oil,0,30.50,0.00
11,Petrol,0,42.75,53.93
12,Diesel,0,42.00,52.84
13,Transport,0,0.39,0.00
14,Minerals,0,12.90,0.00
15,Bauxite,0,11.10,0.00
16,Silicon,0,8.00,0.00
17,Chemicals,0,16.10,0.00
18,Aluminium,0,21.25,0.00
19,Plastic,0,12.50,0.00
20,Processors,0,135.00,0.00
21,Electronic components,0,56.00,0.00
22,Batteries,0,92.00,0.00
23,Displays,0,126.00,0.00
24,Smart phones,0,650.00,936.47
25,Tablets,0,795.00,1524.90
26,Laptops,0,1240.00,1770.52
27,Monitors,0,580.00,876.69
28,Televisions,0,990.00,1301.36
29,Plant research,0,119.00,0.00
30,Energy research,0,210.00,0.00
31,Mining research,0,230.00,0.00
32,Electronics research,0,286.00,0.00
33,Breeding research,0,153.00,0.00
34,Chemistry research,0,118.00,0.00
35,Software,0,110.00,0.00
40,Cotton,0,1.64,0.00
41,Fabric,0,4.85,0.00
42,Iron ore,0,6.50,0.00
43,Steel,0,13.10,0.00
44,Sand,0,1.28,0.00
45,Glass,0,13.90,0.00
46,Leather,0,28.00,0.00
47,On-board computer,0,486.00,0.00
48,Electric motor,0,240.00,0.00
49,Luxury car interior,0,1000.00,0.00
50,Basic interior,0,332.00,0.00
51,Car body,0,815.00,0.00
52,Combustion engine,0,660.00,0.00
53,Economy e-car,0,3470.00,4102.36
54,Luxury e-car,0,6625.00,8911.25
55,Economy car,0,2380.00,2905.62
56,Luxury car,0,4600.00,6743.87
57,Truck,0,5850.00,6928.09
58,Automotive research,0,140.00,0.00
59,Fashion research,0,74.50,0.00
60,Underwear,0,7.70,37.78
61,Gloves,0,19.20,61.83
62,Dress,0,24.00,45.11
63,Stiletto Heel,0,36.75,69.23
64,Handbags,0,49.25,98.65
65,Sneakers,0,14.00,42.52
66,Seeds,0,0.29,0.00
67,Xmas crackers,0,11.60,14.41
68,Gold ore,0,32.75,0.00
69,Golden bars,0,6625.00,0.00
70,Luxury watch,0,825.00,1140.02
71,Necklace,0,1600.00,2154.19
72,Sugarcane,0,1.73,0.00
73,Ethanol,0,27.25,0.00
74,Methane,0,24.75,0.00
75,Carbon fibers,0,6.50,0.00
76,Carbon composite,0,65.00,0.00
77,Fuselage,0,2790.00,0.00
78,Wing,0,2090.00,0.00
79,High grade e-comps,0,880.00,0.00
80,Flight computer,0,5200.00,0.00
81,Cockpit,0,5500.00,0.00
82,Attitude control,0,1750.00,0.00
83,Rocket fuel,0,34.75,0.00
84,Propellant tank,0,9950.00,0.00
85,Solid fuel booster,0,7700.00,0.00
86,Rocket engine,0,11200.00,0.00
87,Heat shield,0,555.00,0.00
88,Ion drive,0,12200.00,0.00
89,Jet engine,0,4980.00,0.00
98,Quadcopter,0,900.00,1470.59
100,Aerospace research,0,128.00,0.00
101,Reinforced concrete,0,204.00,0.00
102,Bricks,0,2.80,9.84
103,Cement,0,7.20,16.48
104,Clay,0,0.92,0.00
105,Limestone,0,1.62,0.00
106,Wood,0,4.50,0.00
107,Steel beams,0,20.25,0.00
108,Planks,0,11.00,15.67
109,Windows,0,114.00,132.71
110,Tools,0,212.00,219.88
111,Construction units,0,2740.00,0.00
112,Bulldozer,0,2370.00,0.00
113,Materials research,0,169.00,0.00
114,Robots,0,910.00,0.00
115,Cows,0,138.00,0.00
116,Pigs,0,45.00,0.00
117,Milk,0,7.70,0.00
118,Coffee beans,0,0.90,0.00
119,Coffee powder,0,32.50,40.33
120,Vegetables,0,2.70,0.00
121,Bread,0,159.00,0.00
122,Cheese,0,127.00,153.14
123,Apple pie,0,302.00,365.11
124,Orange juice,0,42.25,69.62
125,Apple cider,0,28.00,57.42
126,Ginger beer,0,56.50,100.17
127,Frozen pizza,0,460.00,532.92
128,Pasta,0,64.00,0.00
129,Hamburger,0,2320.00,0.00
130,Lasagna,0,2250.00,0.00
131,Meat balls,0,2410.00,0.00
132,Cocktails,0,2280.00,0.00
133,Flour,0,14.80,0.00
134,Butter,0,50.50,0.00
135,Sugar,0,19.90,0.00
136,Cocoa,0,1.50,0.00
137,Dough,0,123.00,0.00
138,Sauce,0,1400.00,0.00
139,Fodder,0,11.10,0.00
140,Chocolate,0,256.00,301.88
141,Vegetable oil,0,32.50,0.00
142,Salad,0,850.00,0.00
143,Samosa,0,650.00,0.00
144,Xmas ornament,0,14.40,28.63
145,Recipes,0,170.00,0.00
146,Pumpkin,0,11.00,21.19
147,Jack o'lantern,0,42.75,61.49
148,Witch costume,0,34.75,76.33
149,Pumpkin soup,0,795.00,900.00
150,Tree,0,500.00,353.78
151,Easter Bunny,0,248.00,221.23
152,Ramadan sweets,0,238.00,246.20
153,Chocolate icecream,0,300.00,111.05
154,Apple icecream,0,110.00,98.65