Date,2025-12-23,2025-12-24,2025-12-25,2025-12-26,2025-12-27,2025-12-28,2025-12-29,2025-12-30,2025-12-31
Info,Family business,Family business,Sole trader,Sole trader,Sole trader,Sole trader,,,
Ranking,22008,21285,21027,20734,20692,,,,
Rating,B-,B,B,B+,B+,,,,
Government orders Tier,n/a,T1,T1,T1,T1,,,,
Local time,9:57 PM,9:11 PM,8:44 PM,9:25 PM,10:51 AM,,,,
Executives,0,0,0,0,0,,,,
Workers,200,400,400,300,400,600,,,
Management and admin,1,7,7,4,7,18,,,
Administration overhead (%),0.0059,0.0176,0.0176,0.0118,0.0176,0.0294,,,
Production speed,0% +0%,0% +0%,0% +0%,0% +0%,0% +0%,0% +0%,,,
Sales speed,1% +0%,1% +0%,2% +0%,2% +0%,2% +0%,2% +0%,,,
Company value,47425.00,75218.00,87552.00,117801.00,121996.00,,,,
Buildings value,17250.00,31050.00,31050.00,75900.00,96600.00,,,,
Patents value,0.00,0.00,0.00,0.00,0.00,,,,
Liabilities,0.00,0.00,0.00,0.00,0.00,,,,
Cash,3969,6797,4958,5875,5502,36641,,,
Building Count,,,,,,,,,