ResourceId,Name,Quality,MarketPrice,Datetime
1,Power,0,0.27,2025-12-28T15:13:30.973681Z
2,Water,0,0.37,2025-12-28T15:14:59.878195Z
3,Apples,0,2.55,2025-12-28T15:09:01.904612Z
4,Oranges,0,2.65,2025-12-28T15:10:57.639971Z
5,Grapes,0,3.10,2025-12-28T15:11:00.154039Z
6,Grain,0,0.71,2025-12-28T15:13:35.26879Z
7,Steak,0,44.00,2025-12-28T15:10:17.091749Z
8,Sausages,0,12.00,2025-12-28T14:56:59.465023Z
9,Eggs,0,1.30,2025-12-28T14:58:58.912841Z
10,Crude oil,0,30.50,2025-12-28T15:14:46.776472Z
11,Petrol,0,42.75,2025-12-28T14:49:34.841025Z
12,Diesel,0,42.00,2025-12-28T15:12:31.449192Z
13,Transport,0,0.39,2025-12-28T15:14:56.894004Z
14,Minerals,0,12.90,2025-12-28T15:07:07.114882Z
15,Bauxite,0,11.10,2025-12-28T14:55:24.031631Z
16,Silicon,0,8.00,2025-12-28T14:54:19.46182Z
17,Chemicals,0,16.10,2025-12-28T15:09:31.183725Z
18,Aluminium,0,21.25,2025-12-28T15:14:49.665169Z
19,Plastic,0,12.50,2025-12-28T15:14:52.73379Z
20,Processors,0,135.00,2025-12-28T15:02:16.44527Z
21,Electronic components,0,56.00,2025-12-28T14:56:42.237243Z
22,Batteries,0,92.00,2025-12-28T15:10:49.277926Z
23,Displays,0,126.00,2025-12-28T15:11:00.930358Z
24,Smart phones,0,650.00,2025-12-28T15:02:44.873517Z
25,Tablets,0,795.00,2025-12-28T15:06:31.729358Z
26,Laptops,0,1240.00,2025-12-28T13:49:55.221261Z
27,Monitors,0,580.00,2025-12-28T15:00:58.97347Z
28,Televisions,0,990.00,2025-12-28T14:49:23.843354Z
29,Plant research,0,119.00,2025-12-28T15:12:34.649178Z
30,Energy research,0,210.00,2025-12-28T15:08:08.444936Z
31,Mining research,0,230.00,2025-12-28T15:09:45.976465Z
32,Electronics research,0,286.00,2025-12-28T15:14:49.604734Z
33,Breeding research,0,153.00,2025-12-28T14:48:05.209505Z
34,Chemistry research,0,118.00,2025-12-28T15:09:33.741984Z
35,Software,0,110.00,2025-12-28T15:05:56.417269Z
40,Cotton,0,1.64,2025-12-28T14:57:18.805629Z
41,Fabric,0,4.85,2025-12-28T15:13:27.811667Z
42,Iron ore,0,6.50,2025-12-28T14:56:18.737939Z
43,Steel,0,13.10,2025-12-28T15:13:33.983301Z
44,Sand,0,1.28,2025-12-28T15:14:16.758907Z
45,Glass,0,13.90,2025-12-28T15:14:35.015617Z
46,Leather,0,28.00,2025-12-28T15:13:23.425199Z
47,On-board computer,0,486.00,2025-12-28T15:04:40.014202Z
48,Electric motor,0,240.00,2025-12-28T11:46:27.994364Z
49,Luxury car interior,0,1000.00,2025-12-28T13:29:34.926434Z
50,Basic interior,0,332.00,2025-12-28T11:07:41.431541Z
51,Car body,0,815.00,2025-12-28T15:01:23.804961Z
52,Combustion engine,0,660.00,2025-12-28T14:42:32.436393Z
53,Economy e-car,0,3470.00,2025-12-28T11:53:59.116817Z
54,Luxury e-car,0,6625.00,2025-12-28T14:47:28.458885Z
55,Economy car,0,2380.00,2025-12-28T15:03:18.315175Z
56,Luxury car,0,4600.00,2025-12-28T15:12:12.22401Z
57,Truck,0,5850.00,2025-12-28T06:06:28.407128Z
58,Automotive research,0,140.00,2025-12-28T14:48:39.819652Z
59,Fashion research,0,74.50,2025-12-28T14:49:08.988638Z
60,Underwear,0,7.70,2025-12-28T15:06:38.591205Z
61,Gloves,0,19.20,2025-12-28T15:12:59.0161Z
62,Dress,0,24.00,2025-12-28T15:12:19.584321Z
63,Stiletto Heel,0,36.75,2025-12-28T14:44:12.506914Z
64,Handbags,0,49.25,2025-12-28T15:11:53.617554Z
65,Sneakers,0,14.00,2025-12-28T15:03:17.591093Z
66,Seeds,0,0.29,2025-12-28T15:14:42.978124Z
67,Xmas crackers,0,11.60,2025-12-28T14:03:02.281077Z
68,Gold ore,0,32.75,2025-12-28T14:59:10.466584Z
69,Golden bars,0,6625.00,2025-12-28T15:09:27.598936Z
70,Luxury watch,0,825.00,2025-12-28T13:59:42.396468Z
71,Necklace,0,1600.00,2025-12-28T15:02:10.891513Z
72,Sugarcane,0,1.73,2025-12-28T15:07:59.491996Z
73,Ethanol,0,27.25,2025-12-28T15:01:09.124604Z
74,Methane,0,24.75,2025-12-28T14:38:31.51112Z
75,Carbon fibers,0,6.50,2025-12-28T14:47:37.6962Z
76,Carbon composite,0,65.00,2025-12-28T15:05:13.458665Z
77,Fuselage,0,2790.00,2025-12-28T14:55:41.336323Z
78,Wing,0,2090.00,2025-12-28T14:33:29.89316Z
79,High grade e-comps,0,880.00,2025-12-28T15:03:07.922466Z
80,Flight computer,0,5200.00,2025-12-28T14:26:03.593523Z
81,Cockpit,0,5500.00,2025-12-28T14:55:43.108563Z
82,Attitude control,0,1750.00,2025-12-28T14:26:04.017684Z
83,Rocket fuel,0,34.75,2025-12-28T15:12:47.326303Z
84,Propellant tank,0,9950.00,2025-12-28T14:26:05.761468Z
85,Solid fuel booster,0,7700.00,2025-12-28T15:06:50.65372Z
86,Rocket engine,0,11200.00,2025-12-28T14:59:16.663601Z
87,Heat shield,0,555.00,2025-12-28T01:25:08.955342Z
88,Ion drive,0,12200.00,2025-12-28T14:26:08.002942Z
89,Jet engine,0,4980.00,2025-12-28T15:09:35.1749Z
98,Quadcopter,0,900.00,2025-12-28T15:11:38.703204Z
100,Aerospace research,0,128.00,2025-12-28T15:10:42.82974Z
101,Reinforced concrete,0,204.00,2025-12-28T15:13:17.995343Z
102,Bricks,0,2.80,2025-12-28T15:11:20.542712Z
103,Cement,0,7.20,2025-12-28T13:19:28.592345Z
104,Clay,0,0.92,2025-12-28T15:10:27.434782Z
105,Limestone,0,1.62,2025-12-28T15:11:59.841955Z
106,Wood,0,4.50,2025-12-28T15:13:25.911853Z
107,Steel beams,0,20.25,2025-12-28T15:01:57.412019Z
108,Planks,0,11.00,2025-12-28T15:14:36.447188Z
109,Windows,0,114.00,2025-12-28T14:14:24.171888Z
110,Tools,0,212.00,2025-12-28T15:14:47.938333Z
111,Construction units,0,2740.00,2025-12-28T15:14:56.898835Z
112,Bulldozer,0,2370.00,2025-12-28T15:03:27.49242Z
113,Materials research,0,169.00,2025-12-28T15:09:35.919795Z
114,Robots,0,910.00,2025-12-28T14:56:51.627486Z
115,Cows,0,138.00,2025-12-28T15:10:30.636153Z
116,Pigs,0,45.00,2025-12-28T14:58:45.242152Z
117,Milk,0,7.70,2025-12-28T15:11:10.000964Z
118,Coffee beans,0,0.90,2025-12-28T15:05:57.410755Z
119,Coffee powder,0,32.50,2025-12-28T15:03:40.396123Z
120,Vegetables,0,2.70,2025-12-28T15:13:22.122931Z
121,Bread,0,159.00,2025-12-28T14:49:57.469227Z
122,Cheese,0,127.00,2025-12-28T15:13:32.271958Z
123,Apple pie,0,302.00,2025-12-28T15:13:12.522507Z
124,Orange juice,0,42.25,2025-12-28T14:55:30.343106Z
125,Apple cider,0,28.00,2025-12-28T15:14:46.172053Z
126,Ginger beer,0,56.50,2025-12-28T15:14:45.505061Z
127,Frozen pizza,0,460.00,2025-12-28T14:24:40.562765Z
128,Pasta,0,64.00,2025-12-28T14:42:48.333471Z
129,Hamburger,0,2320.00,2025-12-28T14:50:19.661829Z
130,Lasagna,0,2250.00,2025-12-28T14:50:13.904607Z
131,Meat balls,0,2410.00,2025-12-28T14:50:34.463786Z
132,Cocktails,0,2280.00,2025-12-28T14:55:13.805468Z
133,Flour,0,14.80,2025-12-28T15:09:49.964732Z
134,Butter,0,50.50,2025-12-28T15:09:50.443371Z
135,Sugar,0,19.90,2025-12-28T15:04:06.3779Z
136,Cocoa,0,1.50,2025-12-28T14:21:35.347207Z
137,Dough,0,123.00,2025-12-28T14:06:43.605686Z
138,Sauce,0,1400.00,2025-12-28T13:21:37.613798Z
139,Fodder,0,11.10,2025-12-28T14:45:26.362756Z
140,Chocolate,0,256.00,2025-12-28T15:05:46.911123Z
141,Vegetable oil,0,32.50,2025-12-28T13:21:37.90252Z
142,Salad,0,850.00,2025-12-28T15:10:28.708761Z
143,Samosa,0,650.00,2025-12-28T11:51:59.702228Z
144,Xmas ornament,0,14.40,2025-12-28T15:02:11.235228Z
145,Recipes,0,170.00,2025-12-28T15:11:38.506888Z
146,Pumpkin,0,11.00,2025-12-28T13:00:35.44589Z
147,Jack o'lantern,0,42.75,2025-12-28T10:55:45.818582Z
148,Witch costume,0,34.75,2025-12-28T14:01:27.949953Z
149,Pumpkin soup,0,795.00,2025-12-28T09:36:44.842862Z
150,Tree,0,500.00,2025-12-28T13:40:49.689522Z
151,Easter Bunny,0,248.00,2025-12-28T08:30:37.644397Z
152,Ramadan sweets,0,238.00,2025-12-28T02:42:14.703191Z
153,Chocolate icecream,0,300.00,2025-12-27T15:46:03.091047Z
154,Apple icecream,0,110.00,2025-12-27T23:07:27.270031Z