Date,2025-12-23,2025-12-24,2025-12-25,2025-12-26,2025-12-27
Gross Margin (%),0.2490,0.3797,0.2684,0.2093,0.3485
Operating Margin (%),1.4422,0.3280,0.2645,-0.3658,1.4822
Net Profit Margin (%),3.2149,1.0546,0.2290,0.0507,1.4822
Return on Quick Assets (%),11.3134,3.0598,0.6784,0.5551,5.4095
Return on Equity (%),0.9468,0.4342,0.0736,0.0258,0.2539
Sales per Employee ($),69.4900,76.0800,69.1100,191.1060,51.354
Income per Employee ($),223.4000,80.2400,15.8230,10.0430,76.118
Inventory Turnover (1:),0.3870,0.5730,0.4380,2.8060,0.692
Assets Turnover (1:),0.2950,0.4120,0.3210,0.5100,0.171
Operating Assets Turnover (1:),0.4630,0.7010,0.4980,3.3820,0.823
Defensive Interval (1:),0.1530,0.2390,0.3240,0.0620,0.277
Interest Coverage,-,-,-,-,-
Debt to Building Ratio (%),0.0000,0.0000,0.0000,0.0000,0