ResourceId,Name,Quality,AverageRetailPrice,UnitsSoldPerHour,Datetime
3,Apples,0,6.35,73.49,2025-12-28T15:13:30.973681Z
4,Oranges,0,7.27,65.25,2025-12-28T15:13:30.973681Z
5,Grapes,0,8.33,58.01,2025-12-28T15:13:30.973681Z
7,Steak,0,60.11,15.9,2025-12-28T15:13:30.973681Z
8,Sausages,0,16.54,52.64,2025-12-28T15:13:30.973681Z
9,Eggs,0,2.56,231.88,2025-12-28T15:13:30.973681Z
11,Petrol,0,53.93,48.22,2025-12-28T15:13:30.973681Z
12,Diesel,0,52.84,51.77,2025-12-28T15:13:30.973681Z
24,Smart phones,0,936.47,1.28,2025-12-28T15:13:30.973681Z
25,Tablets,0,1524.90,0.53,2025-12-28T15:13:30.973681Z
26,Laptops,0,1770.52,0.69,2025-12-28T15:13:30.973681Z
27,Monitors,0,876.69,1.31,2025-12-28T15:13:30.973681Z
28,Televisions,0,1301.36,1.13,2025-12-28T15:13:30.973681Z
53,Economy e-car,0,4102.36,0.72,2025-12-28T15:13:30.973681Z
54,Luxury e-car,0,8911.25,0.25,2025-12-28T15:13:30.973681Z
55,Economy car,0,2905.62,0.93,2025-12-28T15:13:30.973681Z
56,Luxury car,0,6743.87,0.27,2025-12-28T15:13:30.973681Z
57,Truck,0,6928.09,0.41,2025-12-28T15:13:30.973681Z
60,Underwear,0,37.78,20.66,2025-12-28T15:13:30.973681Z
61,Gloves,0,61.83,14.95,2025-12-28T15:13:30.973681Z
62,Dress,0,45.11,27.93,2025-12-28T15:13:30.973681Z
63,Stiletto Heel,0,69.23,19.15,2025-12-28T15:13:30.973681Z
64,Handbags,0,98.65,12.02,2025-12-28T15:13:30.973681Z
65,Sneakers,0,42.52,22.8,2025-12-28T15:13:30.973681Z
67,Xmas crackers,0,14.41,208.08,2025-12-28T15:13:30.973681Z
70,Luxury watch,0,1140.02,1.63,2025-12-28T15:13:30.973681Z
71,Necklace,0,2154.19,0.94,2025-12-28T15:13:30.973681Z
91,Sub-orbital rocket,0,131915.41,0,2025-12-28T15:13:30.973681Z
94,BFR,0,900244.28,0,2025-12-28T15:13:30.973681Z
95,Jumbo jet,0,251248.10,0,2025-12-28T15:13:30.973681Z
96,Luxury jet,0,96788.01,0,2025-12-28T15:13:30.973681Z
97,Single engine plane,0,46376.12,0,2025-12-28T15:13:30.973681Z
98,Quadcopter,0,1470.59,0.66,2025-12-28T15:13:30.973681Z
99,Satellite,0,68824.25,0,2025-12-28T15:13:30.973681Z
102,Bricks,0,9.84,60.67,2025-12-28T15:13:30.973681Z
103,Cement,0,16.48,45.41,2025-12-28T15:13:30.973681Z
108,Planks,0,15.67,74.06,2025-12-28T15:13:30.973681Z
109,Windows,0,132.71,12.79,2025-12-28T15:13:30.973681Z
110,Tools,0,219.88,8.56,2025-12-28T15:13:30.973681Z
117,Milk,0,0.00,0,2025-12-28T15:13:30.973681Z
119,Coffee powder,0,40.33,38.48,2025-12-28T15:13:30.973681Z
121,Bread,0,0.00,0,2025-12-28T15:13:30.973681Z
122,Cheese,0,153.14,9.2,2025-12-28T15:13:30.973681Z
123,Apple pie,0,365.11,3.54,2025-12-28T15:13:30.973681Z
124,Orange juice,0,69.62,9.12,2025-12-28T15:13:30.973681Z
125,Apple cider,0,57.42,9.73,2025-12-28T15:13:30.973681Z
126,Ginger beer,0,100.17,5.85,2025-12-28T15:13:30.973681Z
127,Frozen pizza,0,532.92,2.82,2025-12-28T15:13:30.973681Z
129,Hamburger,0,0.00,0,2025-12-28T15:13:30.973681Z
130,Lasagna,0,0.00,0,2025-12-28T15:13:30.973681Z
131,Meat balls,0,0.00,0,2025-12-28T15:13:30.973681Z
132,Cocktails,0,0.00,0,2025-12-28T15:13:30.973681Z
134,Butter,0,0.00,0,2025-12-28T15:13:30.973681Z
140,Chocolate,0,301.88,4.22,2025-12-28T15:13:30.973681Z
142,Salad,0,0.00,0,2025-12-28T15:13:30.973681Z
143,Samosa,0,0.00,0,2025-12-28T15:13:30.973681Z
144,Xmas ornament,0,28.63,43.33,2025-12-28T15:13:30.973681Z
146,Pumpkin,0,21.19,43.89,2025-12-28T15:13:30.973681Z
147,Jack o'lantern,0,61.49,39.32,2025-12-28T15:13:30.973681Z
148,Witch costume,0,76.33,8.94,2025-12-28T15:13:30.973681Z
149,Pumpkin soup,0,900.00,0,2025-12-28T15:13:30.973681Z
150,Tree,0,353.78,9.02,2025-12-28T15:13:30.973681Z
151,Easter Bunny,0,221.23,8.79,2025-12-28T15:13:30.973681Z
152,Ramadan sweets,0,246.20,17.31,2025-12-28T15:13:30.973681Z
153,Chocolate icecream,0,111.05,14.9,2025-12-28T15:13:30.973681Z
154,Apple icecream,0,98.65,11.89,2025-12-28T15:13:30.973681Z