Order ID,Project Name,Creation Date,Days to Fulfill,Resources
512,Advanced Robotics,12/24/2025,10,"High grade e-comps Q3
Robots Q0"
511,First Response,12/24/2025,10,"Planks Q2
Tools Q2
Bulldozer Q3
Construction units Q0"
510,Drones Program,12/24/2025,10,"Wing Q3
Fuselage Q3
Flight computer Q0"
506,Data Center,12/17/2025,3,"On-board computer Q3
Processors Q2"
505,Starship Development,12/17/2025,10,"Rocket fuel Q0
Starship Q1"
504,G10 Summit Catering,12/17/2025,6,"Hamburger Q0
Lasagna Q3
Orange juice Q1
Apple pie Q3"
500,Precious Metals,12/10/2025,6,"Golden bars Q1
Gold ore Q3"
499,Air Quality Monitoring,12/10/2025,10,"Smart phones Q1
Chemicals Q3"
498,Manufacturing Support,12/10/2025,3,"Steel Q3
Iron ore Q1"
494,Smart Roads,12/3/2025,10,"Displays Q0
Electronic components Q2"
493,Nuclear Power Plant,12/3/2025,3,"Chemicals Q3
Reinforced concrete Q3
Energy research Q0
Steel Q1"
492,Starship Development,12/3/2025,3,"Starship Q0
Rocket fuel Q1"
488,Metro Expansion,11/26/2025,10,"Construction units Q0
Reinforced concrete Q2
Steel beams Q0"
487,Carnivore Feeding,11/26/2025,10,"Pigs Q1
Cows Q0"
486,Exclusive Merchandise,11/26/2025,3,"Luxury watch Q1
Necklace Q0"
482,Safety Gear,11/19/2025,3,"Gloves Q3
Leather Q3"
481,Telemedicine Infrastructure,11/19/2025,3,"Tablets Q2
Televisions Q3
Monitors Q3
Displays Q0"
480,Mars Rover,11/19/2025,6,"Batteries Q3
Robots Q3
Aerospace research Q0"
449,Herbivores Feeding,11/12/2025,3,"Sugarcane Q2
Fodder Q3
Vegetables Q0
Grapes Q0
Oranges Q2
Apples Q0"
448,Economic Support,11/12/2025,6,"Tablets Q2
Software Q0"
447,Fuel Reserves,11/12/2025,10,"Methane Q2
Ethanol Q3
Petrol Q0"
443,Mars Rover,11/5/2025,10,"Batteries Q0
Aerospace research Q0
Robots Q1"
442,Evacuation Vehicles,11/5/2025,3,"Truck Q0
Diesel Q3
Transport Q0"
441,Crush Tests,11/5/2025,10,"Economy car Q2
Car body Q2
Economy e-car Q1
Basic interior Q2"
437,Drone Fleet,10/29/2025,10,"Batteries Q3
Electronic components Q0
Quadcopter Q0"
436,Digital Payment System,10/29/2025,10,"Electronic components Q2
Software Q0"
435,Precious Metals,10/29/2025,10,"Gold ore Q1
Golden bars Q0"
431,Feed the Homeless,10/22/2025,10,"Pumpkin soup Q2
Frozen pizza Q3"
430,Research Grant,10/22/2025,3,"Electronics research Q0
Materials research Q0
Chemistry research Q0
Mining research Q0"
429,Museum of Art,10/22/2025,10,"Construction units Q0
Steel beams Q0
Glass Q3"
425,Data Center,10/15/2025,6,"On-board computer Q2
Processors Q3"
424,Starship Development,10/15/2025,3,"Starship Q3
Rocket fuel Q1"
423,Fuel Reserves,10/15/2025,10,"Ethanol Q2
Petrol Q1
Methane Q1"
419,Drone Fleet,10/8/2025,6,"Electronic components Q3
Batteries Q2
Quadcopter Q2"
418,Carnivore Feeding,10/8/2025,6,"Cows Q3
Pigs Q3"
417,Digital Infrastructure,10/8/2025,6,"Processors Q3
Software Q0"
413,Sustainable Farming,10/1/2025,3,"Grain Q1
Water Q2"
412,School Lunch Program,10/1/2025,3,"Oranges Q0
Milk Q3
Apples Q2"
411,Fashion Festival,10/1/2025,6,"Fabric Q2
Fashion research Q0"
407,UN Summit Catering,9/24/2025,3,"Chocolate Q3
Bread Q1
Coffee powder Q2
Coffee beans Q2
Ginger beer Q1"
406,Digital Payment System,9/24/2025,3,"Software Q0
Electronic components Q0"
405,Safety Rules,9/24/2025,10,Automotive research Q0
401,Water Purification,9/17/2025,6,"Sand Q3
Chemicals Q2"
400,Habitat Renovation,9/17/2025,6,"Wood Q2
Limestone Q3
Clay Q1"
399,Evacuation Vehicles,9/17/2025,10,"Truck Q1
Diesel Q0
Transport Q0"
395,Fashion Festival,9/10/2025,10,"Fabric Q2
Fashion research Q0"
394,Mars Rover,9/10/2025,10,"Aerospace research Q0
Batteries Q1
Robots Q1"
393,Ballistic Missiles,9/10/2025,10,"Fuselage Q0
Sub-orbital rocket Q3
Sub-orbital 2nd stage Q0"
389,Carnivore Feeding,9/3/2025,10,"Cows Q0
Pigs Q3"
388,Water Reserves,9/3/2025,3,Water Q2
387,Precious Metals,9/3/2025,10,"Golden bars Q0
Gold ore Q3"
356,Digital Infrastructure,8/27/2025,3,"Software Q0
Processors Q0"
355,Museum of Art,8/27/2025,6,"Construction units Q0
Steel beams Q3
Glass Q1"
354,Advanced Propulsion,8/27/2025,10,"Aerospace research Q0
Rocket engine Q2
Ion drive Q0"
350,Mars Rover,8/20/2025,6,"Batteries Q2
Aerospace research Q0
Robots Q3"
349,Crop Diversity Program,8/20/2025,10,"Seeds Q2
Plant research Q0"
348,School Lunch Program,8/20/2025,3,"Oranges Q0
Milk Q3
Apples Q2"
344,Metro Expansion,8/13/2025,6,"Steel beams Q3
Reinforced concrete Q3
Construction units Q0"
343,Engines Tests,8/13/2025,6,"Combustion engine Q3
Electric motor Q3"
342,Economic Support,8/13/2025,3,"Software Q0
Tablets Q2"
338,Rocket Propulsion Testing,8/6/2025,3,"Propellant tank Q1
Solid fuel booster Q2"
337,Critical Reserves,8/6/2025,6,"Crude oil Q0
Methane Q3
Iron ore Q2"
336,Advanced Propulsion,8/6/2025,10,"Ion drive Q2
Aerospace research Q0
Rocket engine Q0"
332,Green Buildings,7/30/2025,6,"Windows Q2
Steel beams Q2"
331,Air Quality Monitoring,7/30/2025,3,"Displays Q0
Electronic components Q3"
330,Evacuation Vehicles,7/30/2025,3,"Transport Q0
Diesel Q2
Truck Q1"
326,Drone Fleet,7/23/2025,3,"Electronic components Q2
Batteries Q3
Quadcopter Q3"
325,Animal Breeding,7/23/2025,3,"Cows Q3
Breeding research Q0"
324,Diplomatic Missions,7/23/2025,6,"Handbags Q2
Luxury watch Q3
Necklace Q2"
320,Sustainable Farming,7/16/2025,10,"Grain Q2
Water Q0"
319,Manufacturing Support,7/16/2025,6,"Steel Q2
Iron ore Q3"
318,Advanced Propulsion,7/16/2025,6,"Aerospace research Q0
Rocket engine Q3
Ion drive Q3"
315,Green Buses,7/9/2025,3,"Electric motor Q2
Batteries Q0
Steel Q2"
314,G6 Summit Catering,7/9/2025,3,"Pasta Q0
Cocktails Q2
Apple cider Q0
Meat balls Q1"
313,Satellite Surveillance,7/9/2025,10,"Satellite Q1
Electronic components Q2"
309,City Festival,7/2/2025,6,"Stiletto Heel Q0
Witch costume Q0
Handbags Q2"
308,Precious Metals,7/2/2025,6,"Golden bars Q1
Gold ore Q1"
307,Crop Diversity Program,7/2/2025,10,"Seeds Q0
Plant research Q0"
303,Digital Payment System,6/25/2025,3,"Electronic components Q3
Software Q0"
302,Starship Development,6/25/2025,10,"Starship Q3
Rocket fuel Q1"
301,Crush Tests,6/25/2025,3,"Car body Q3
Economy e-car Q2
Economy car Q2
Basic interior Q0"
297,Air Quality Monitoring,6/18/2025,10,"Electronic components Q3
Displays Q0"
296,Mars Rover,6/18/2025,6,"Aerospace research Q0
Robots Q0
Batteries Q0"
295,Raw Material Extraction,6/18/2025,6,"Bauxite Q2
Minerals Q0
Silicon Q1"
264,Water Reserves,6/11/2025,6,Water Q0
263,Dairy Production,6/11/2025,6,"Cheese Q2
Milk Q3"
262,Safety Rules,6/11/2025,6,Automotive research Q0
258,Habitat Renovation,6/4/2025,6,"Wood Q3
Limestone Q3
Clay Q0"
257,Outerspace Exploration,6/4/2025,10,"Carbon fibers Q0
Orbital booster Q1
BFR Q1"
256,Manufacturing Support,6/4/2025,6,"Steel Q1
Iron ore Q0"
253,Fuel Reserves,5/28/2025,10,"Methane Q2
Petrol Q2
Ethanol Q3"
252,Research Grant,5/28/2025,6,"Electronics research Q0
Mining research Q0
Materials research Q0
Chemistry research Q0"
251,Raw Material Extraction,5/28/2025,10,"Silicon Q1
Bauxite Q0
Minerals Q3"
247,Safety Rules,5/21/2025,10,Automotive research Q0
246,Data Center,5/21/2025,3,"Processors Q2
On-board computer Q0"
245,School Lunch Supplies,5/21/2025,10,"Sauce Q2
Sugar Q1
Dough Q3
Cocoa Q1"
241,Advanced Robotics,5/14/2025,6,"Robots Q2
Electronic components Q0"
240,Air Quality Monitoring,5/14/2025,10,"Displays Q3
Electronic components Q2"
239,Medical Supplies,5/14/2025,10,"Gloves Q0
Tablets Q0"
232,Dress the Homeless,5/7/2025,10,"Fabric Q1
Underwear Q3
Cotton Q2"
231,Water Purification,5/7/2025,10,"Chemicals Q1
Sand Q0"
230,Fuel Reserves,5/7/2025,10,"Ethanol Q1
Petrol Q3
Methane Q0"
226,UN Summit Catering,4/30/2025,10,"Coffee powder Q1
Coffee beans Q2
Chocolate Q0
Ginger beer Q0
Bread Q2"
225,Solar Power Initiative,4/30/2025,10,"Energy research Q0
Silicon Q0
Batteries Q2"
224,Dress the Homeless,4/30/2025,6,"Underwear Q0
Cotton Q1
Fabric Q1"
220,Outerspace Exploration,4/23/2025,6,"Orbital booster Q3
Carbon fibers Q1
BFR Q2"
219,Cybersecurity Program,4/23/2025,10,"Processors Q0
Software Q0"
218,Raw Material Extraction,4/23/2025,10,"Minerals Q3
Bauxite Q0
Silicon Q0"
214,Mars Rover,4/16/2025,6,"Batteries Q3
Aerospace research Q0
Robots Q0"
213,Solar Power Initiative,4/16/2025,10,"Batteries Q0
Silicon Q1
Energy research Q0"
212,Carnivore Feeding,4/16/2025,6,"Cows Q0
Pigs Q2"
208,Dairy Production,4/9/2025,3,"Cheese Q1
Milk Q2"
207,Fuel Reserves,4/9/2025,10,"Petrol Q2
Methane Q1
Ethanol Q2"
206,Water Purification,4/9/2025,6,"Sand Q1
Chemicals Q3"
202,Sustainable Farming,4/2/2025,6,"Grain Q0
Water Q2"
201,Safety Gear,4/2/2025,3,"Gloves Q1
Leather Q2"
200,Crush Tests,4/2/2025,3,"Basic interior Q3
Car body Q1
Economy car Q1
Economy e-car Q2"
169,Summit Catering,3/26/2025,10,"Salad Q2
Samosa Q2
Butter Q3
Bread Q0"
168,Exclusive Merchandise,3/26/2025,6,"Luxury watch Q2
Necklace Q0"
167,Automated Traffic Systems,3/26/2025,10,"Software Q0
Electronic components Q0
Monitors Q2"
163,Flying Spaghetti Monster Statue,3/19/2025,10,"Pasta Q0
Plastic Q1
Steel Q0
Meat balls Q2"
162,Starship Development,3/19/2025,3,"Starship Q2
Rocket fuel Q3"
161,School Lunch Program,3/19/2025,10,"Oranges Q0
Milk Q2
Apples Q0"
157,Fire Trucks,3/12/2025,3,Truck Q0
156,Precious Metals,3/12/2025,6,"Golden bars Q2
Gold ore Q3"
155,Green Buses,3/12/2025,6,"Electric motor Q0
Batteries Q0
Steel Q3"
151,Exclusive Merchandise,3/5/2025,10,"Necklace Q0
Luxury watch Q0"
150,Museum of Art,3/5/2025,10,"Glass Q0
Steel beams Q1
Construction units Q0"
149,Culinary Research,3/5/2025,3,"Flour Q2
Vegetable oil Q2
Recipes Q0"
145,Emergency Clothing,2/26/2025,10,"Sneakers Q2
Dress Q3
Underwear Q2
Fabric Q3"
144,Animal Breeding,2/26/2025,3,"Breeding research Q0
Cows Q1"
143,Vaccine Research,2/26/2025,3,"Plant research Q0
Chemicals Q1"
139,Flying Spaghetti Monster Statue,2/19/2025,3,"Meat balls Q1
Steel Q2
Plastic Q2
Pasta Q1"
138,Rocket Propulsion Testing,2/19/2025,6,"Solid fuel booster Q1
Propellant tank Q0"
137,G10 Summit Catering,2/19/2025,3,"Lasagna Q0
Orange juice Q3
Hamburger Q3
Apple pie Q0"
133,Flying Spaghetti Monster Statue,2/12/2025,10,"Meat balls Q2
Plastic Q2
Steel Q3
Pasta Q1"
132,Critical Reserves,2/12/2025,3,"Crude oil Q2
Iron ore Q0
Methane Q0"
131,Communication Upgrades,2/12/2025,10,"Satellite Q1
Smart phones Q0"
127,Data Center,2/5/2025,10,"Processors Q2
On-board computer Q1"
126,Fire Trucks,2/5/2025,3,Truck Q0
125,Crop Diversity Program,2/5/2025,6,"Plant research Q0
Seeds Q2"
121,City Decorations,1/29/2025,10,"Pumpkin Q3
Jack o'lantern Q0"
120,Digital Payment System,1/29/2025,3,"Electronic components Q2
Software Q0"
119,Fashion Festival,1/29/2025,3,"Fabric Q2
Fashion research Q0"
116,First Response,1/22/2025,10,"Tools Q1
Construction units Q0
Bulldozer Q0
Planks Q3"
115,Outerspace Exploration,1/22/2025,3,"Orbital booster Q0
BFR Q3
Carbon fibers Q2"
114,Emergency Supplies,1/22/2025,3,"Grain Q0
Water Q1"
110,Air Quality Monitoring,1/15/2025,10,"Displays Q1
Electronic components Q2"
109,Emergency Clothing,1/15/2025,10,"Dress Q3
Fabric Q1
Underwear Q1
Sneakers Q2"
108,Affordable Housing,1/15/2025,10,"Windows Q1
Cement Q0
Bricks Q1"
77,Sustainable Farming,1/8/2025,10,"Water Q3
Grain Q3"
76,Emergency Clothing,1/8/2025,6,"Fabric Q3
Sneakers Q3
Underwear Q2
Dress Q3"
75,Raw Material Extraction,1/8/2025,3,"Silicon Q1
Minerals Q1
Bauxite Q0"
71,Emergency Power,1/1/2025,3,"Batteries Q3
Power Q0"
70,Green Buses,1/1/2025,3,"Steel Q0
Batteries Q0
Electric motor Q2"
69,Electronics Innovation,1/1/2025,6,"High grade e-comps Q3
Processors Q3"
65,Air Quality Monitoring,12/25/2024,3,"Electronic components Q0
Displays Q2"
64,Museum of Art,12/25/2024,10,"Glass Q1
Construction units Q0
Steel beams Q2"
63,UN Summit Catering,12/25/2024,3,"Coffee powder Q1
Bread Q2
Chocolate Q2
Ginger beer Q0
Coffee beans Q1"
59,Culinary Research,12/18/2024,3,"Vegetable oil Q3
Flour Q2
Recipes Q0"
58,Summit Catering,12/18/2024,3,"Samosa Q0
Bread Q0
Butter Q3
Salad Q1"
54,Electronics Innovation,12/11/2024,6,"Processors Q2
High grade e-comps Q0"
53,Drone Fleet,12/11/2024,3,"Batteries Q2
Quadcopter Q3
Electronic components Q3"
52,G10 Summit Catering,12/11/2024,6,"Orange juice Q0
Lasagna Q1
Apple pie Q0
Hamburger Q3"
48,Cybersecurity Program,12/4/2024,10,"Software Q0
Processors Q1"
47,Air Quality Monitoring,12/4/2024,6,"Electronic components Q3
Displays Q3"
46,Starship Development,12/4/2024,3,"Rocket fuel Q1
Starship Q2"
43,School Lunch Program,11/27/2024,10,"Oranges Q1
Apples Q3
Milk Q0"
42,Water Purification,11/27/2024,10,"Chemicals Q1
Sand Q0"
41,Engines Tests,11/27/2024,3,"Combustion engine Q0
Electric motor Q0"
37,Carnivore Feeding,11/20/2024,6,"Cows Q0
Pigs Q2"
36,Habitat Renovation,11/20/2024,10,"Clay Q0
Limestone Q2
Wood Q2"
35,Transportation Upgrade,11/20/2024,10,"Jumbo jet Q1
Luxury jet Q0
Single engine plane Q3"
31,Emergency Clothing,11/13/2024,6,"Dress Q0
Fabric Q3
Underwear Q3
Sneakers Q1"
30,School Lunch Program,11/13/2024,6,"Apples Q0
Milk Q2
Oranges Q1"
29,Fire Trucks,11/13/2024,6,Truck Q3