,Date,Active companies,Company Value,Bonds,buildings,Economic phase
1,12/23/2025,"23,979","$1,703,745,262,876","$16,058,320,000","291,195",normal
2,12/22/2025,"23,743","$1,690,373,111,545","$15,887,825,000","288,458",normal
3,12/21/2025,"23,924","$1,688,778,883,385","$16,092,200,000","291,391",normal
4,12/20/2025,"24,071","$1,702,862,173,981","$16,259,415,000","293,357",normal
5,12/19/2025,"24,165","$1,701,758,186,691","$16,343,325,000","293,491",normal
6,12/18/2025,"24,101","$1,694,991,576,679","$16,188,100,000","293,089",normal
7,12/17/2025,"24,133","$1,688,179,955,403","$16,234,615,000","292,716",normal
8,12/16/2025,"23,876","$1,676,435,188,844","$16,210,500,000","288,341",normal
9,12/15/2025,"23,128","$1,654,562,403,595","$16,202,765,000","280,960",normal
10,12/14/2025,"23,737","$1,668,687,305,496","$16,229,060,000","287,149",normal
11,12/13/2025,"24,167","$1,680,041,517,809","$16,342,045,000","292,224",normal
12,12/12/2025,"24,149","$1,681,085,365,595","$16,159,695,000","292,880",normal
13,12/11/2025,"24,092","$1,682,787,236,235","$16,026,665,000","292,919",recession
14,12/10/2025,"24,098","$1,686,741,868,180","$15,976,265,000","293,366",recession
15,12/9/2025,"24,143","$1,679,463,064,406","$15,844,310,000","293,213",recession
16,12/8/2025,"23,704","$1,675,930,520,287","$15,601,315,000","289,186",recession
17,12/7/2025,"24,210","$1,686,883,405,482","$15,676,825,000","294,490",recession
18,12/6/2025,"24,415","$1,692,367,043,363","$15,626,520,000","297,215",recession
19,12/5/2025,"24,477","$1,695,002,760,039","$15,478,150,000","298,084",recession
20,12/4/2025,"24,478","$1,696,077,730,805","$15,374,760,000","297,796",normal
21,12/3/2025,"24,619","$1,695,816,053,594","$15,575,590,000","299,208",normal
22,12/2/2025,"24,619","$1,703,970,553,125","$15,888,760,000","297,556",normal
23,12/1/2025,"23,914","$1,681,135,478,522","$15,606,625,000","273,323",normal
24,11/30/2025,"24,019","$1,665,671,996,829","$15,592,575,000","271,314",normal
25,11/29/2025,"24,132","$1,659,830,753,457","$15,657,810,000","271,961",normal
26,11/28/2025,"24,259","$1,659,928,637,498","$15,783,365,000","273,393",normal
27,11/27/2025,"24,205","$1,659,316,569,778","$15,746,335,000","273,169",normal
28,11/26/2025,"24,163","$1,668,447,353,184","$15,816,725,000","273,454",normal
29,11/25/2025,"24,132","$1,662,391,952,851","$15,978,570,000","273,958",normal
30,11/24/2025,"23,589","$1,652,524,973,246","$16,050,050,000","269,363",normal
31,11/23/2025,"23,948","$1,648,777,467,146","$16,271,925,000","272,539",normal
32,11/22/2025,"24,249","$1,645,160,599,218","$16,474,390,000","274,258",normal
33,11/21/2025,"24,341","$1,649,775,252,959","$16,645,475,000","274,387",normal
34,11/20/2025,"24,159","$1,642,815,496,426","$16,544,060,000","272,986",normal
35,11/19/2025,"24,273","$1,634,606,008,841","$16,534,620,000","273,201",normal
36,11/18/2025,"24,511","$1,631,912,488,810","$16,783,375,000","275,095",normal
37,11/17/2025,"23,993","$1,624,374,679,489","$16,788,775,000","270,722",normal
38,11/16/2025,"24,264","$1,637,548,552,663","$16,950,825,000","272,774",normal
39,11/15/2025,"24,572","$1,639,200,146,401","$17,053,050,000","275,667",normal
40,11/14/2025,"24,791","$1,632,675,746,784","$17,275,070,000","277,279",normal
41,11/13/2025,"24,737","$1,623,613,453,645","$17,368,900,000","276,311",normal
42,11/12/2025,"24,749","$1,629,664,466,453","$17,566,235,000","276,735",normal
43,11/11/2025,"24,766","$1,623,180,963,444","$17,582,435,000","276,453",normal
44,11/10/2025,"24,238","$1,608,725,826,851",$NaN,"5,419",normal
45,11/9/2025,"24,398","$1,612,505,536,326","$17,733,010,000","274,071",normal
46,11/8/2025,"24,427","$1,611,804,031,239","$17,773,640,000","274,745",normal
47,11/7/2025,"24,458","$1,611,648,736,891","$17,587,180,000","276,093",normal
48,11/6/2025,"24,524","$1,608,916,710,664","$17,420,235,000","293,466",recession
49,11/5/2025,"24,483","$1,611,207,541,084","$17,413,340,000","298,454",recession
50,11/4/2025,"24,558","$1,611,344,438,030","$17,462,220,000","298,948",recession
51,11/3/2025,"23,974","$1,599,411,836,365","$17,152,865,000","293,403",recession
52,11/2/2025,"24,020","$1,602,251,587,955","$16,930,700,000","294,532",recession
53,11/1/2025,"24,154","$1,599,391,904,049","$16,865,215,000","295,819",recession
54,10/31/2025,"24,333","$1,600,000,286,499","$16,571,045,000","296,287",recession
55,10/30/2025,"24,514","$1,604,139,865,439","$16,671,515,000","298,186",normal
56,10/29/2025,"24,635","$1,608,985,916,921","$16,715,995,000","299,083",normal
57,10/28/2025,"24,628","$1,601,414,523,297","$16,667,120,000","298,302",normal
58,10/27/2025,"24,151","$1,599,607,325,495","$16,484,535,000","293,758",normal
59,10/26/2025,"24,328","$1,607,291,200,938","$16,299,780,000","296,185",normal
60,10/25/2025,"24,480","$1,601,500,914,467","$16,256,545,000","297,316",normal
61,10/24/2025,"24,462","$1,592,672,731,667","$16,069,240,000","295,629",normal
62,10/23/2025,"24,533","$1,596,032,345,381","$15,885,515,000","297,188",recession
63,10/22/2025,"24,627","$1,597,446,791,840","$15,634,195,000","298,214",recession
64,10/21/2025,"24,693","$1,600,644,108,011","$15,531,940,000","298,549",recession
65,10/20/2025,"24,202","$1,596,254,657,501","$15,229,655,000","294,062",recession
66,10/19/2025,"24,426","$1,597,113,491,464","$15,009,345,000","295,483",recession
67,10/18/2025,"24,500","$1,599,059,189,122","$14,975,385,000","296,848",recession
68,10/17/2025,"24,536","$1,601,763,528,658","$14,698,170,000","297,398",recession
69,10/16/2025,"24,600","$1,600,850,450,750","$14,716,130,000","297,460",normal
70,10/15/2025,"24,560","$1,601,742,750,893","$14,839,765,000","297,836",normal
71,10/14/2025,"24,450","$1,609,903,256,387","$14,779,760,000","297,135",normal
72,10/13/2025,"24,015","$1,598,908,872,393","$14,703,830,000","292,784",normal
73,10/12/2025,"24,183","$1,594,046,526,463","$14,637,380,000","294,259",normal
74,10/11/2025,"24,340","$1,596,876,297,752","$14,669,065,000","294,467",normal
75,10/10/2025,"24,372","$1,597,214,363,439","$14,555,170,000","276,509",normal
76,10/9/2025,"24,373","$1,585,785,629,215","$14,626,550,000","272,454",boom
77,10/8/2025,"24,302","$1,586,272,389,491","$14,637,810,000","272,171",boom
78,10/7/2025,"24,266","$1,584,601,305,329","$14,612,730,000","272,033",boom
79,10/6/2025,"23,826","$1,575,219,447,978","$14,547,345,000","268,230",boom
80,10/5/2025,"24,055","$1,574,472,559,074","$14,635,680,000","269,721",boom
81,10/4/2025,"24,250","$1,576,651,590,776","$14,561,620,000","270,759",boom
82,10/3/2025,"24,183","$1,577,694,544,469","$14,253,055,000","270,385",boom
83,10/2/2025,"24,176","$1,573,128,901,716","$14,180,610,000","270,562",normal
84,10/1/2025,"24,273","$1,576,415,751,834","$14,173,335,000","271,106",normal
85,9/30/2025,"24,266","$1,575,829,434,052","$14,149,195,000","271,474",normal
86,9/29/2025,"23,712","$1,561,870,426,074","$13,990,570,000","266,886",normal
87,9/28/2025,"23,961","$1,570,788,253,925","$13,929,990,000","268,987",normal
88,9/27/2025,"24,147","$1,578,182,434,079","$13,875,780,000","271,014",normal
89,9/26/2025,"24,153","$1,580,720,023,502","$13,843,125,000","270,750",normal
90,9/25/2025,"24,300","$1,577,752,564,872","$13,748,080,000","272,080",normal
91,9/24/2025,"24,238","$1,574,832,240,779","$13,815,160,000","272,170",normal
92,9/23/2025,"24,150","$1,569,224,082,102","$13,990,965,000","271,391",normal
93,9/22/2025,"23,709","$1,561,274,698,479","$13,673,150,000","267,208",normal
94,9/21/2025,"23,872","$1,566,537,770,148","$13,823,540,000","268,459",normal
95,9/20/2025,"24,005","$1,576,025,039,011","$13,855,215,000","269,726",normal
96,9/19/2025,"24,125","$1,574,561,854,587","$13,890,320,000","270,781",normal
97,9/18/2025,"24,152","$1,567,704,732,250","$13,938,160,000","271,215",normal
98,9/17/2025,"24,051","$1,568,110,620,831","$13,855,525,000","270,738",normal
99,9/16/2025,"23,954","1,577,976,915,761","$13,862,185,000","$270,333",normal
100,9/15/2025,"23,426","$1,563,241,489,447","$13,761,865,000","265,630",normal
101,9/14/2025,"23,714","$1,555,807,940,925","$13,743,255,000","267,477",normal
102,9/13/2025,"23,797","$1,555,589,994,554","$13,654,840,000","268,347",normal
103,9/12/2025,"23,696","$1,552,258,404,730","$13,701,720,000","268,241",normal
104,9/11/2025,"23,856","$1,561,365,664,965","$13,716,480,000","269,266",boom
105,9/10/2025,"23,904","$1,557,782,824,641","$13,806,100,000","269,899",boom
106,9/9/2025,"23,887","$1,559,180,102,393","$13,860,590,000","270,177",boom
107,9/8/2025,"23,564","$1,550,557,099,515","$13,765,670,000","267,124",boom
108,9/7/2025,"23,721","$1,544,180,508,014","$13,863,470,000","268,620",boom
109,9/6/2025,"23,752","$1,544,532,516,402","$13,874,035,000","268,967",boom
110,9/5/2025,"23,947","$1,549,041,257,734","$13,725,390,000","270,787",boom
111,9/4/2025,"23,949","$1,545,896,633,497","$13,617,015,000","270,812",normal
112,9/3/2025,"24,014","$1,544,519,724,935","$13,663,185,000","271,260",normal
113,9/2/2025,"23,940","$1,549,505,573,386","$13,639,510,000","270,503",normal
114,9/1/2025,"23,629","$1,548,820,185,913","$13,517,315,000","267,418",normal
115,8/31/2025,"23,947","$1,547,573,794,195","$13,570,795,000","270,239",normal
116,8/30/2025,"24,036","$1,547,707,203,147","$13,629,915,000","289,074",normal
117,8/29/2025,"24,036","$1,555,009,631,524","$13,556,380,000","293,454",normal
118,8/28/2025,"23,993","$1,549,397,727,745","$13,611,300,000","292,570",boom
119,8/27/2025,"24,010","$1,538,390,394,097","$13,731,085,000","292,769",boom
120,8/26/2025,"24,001","$1,531,275,655,865","$13,866,500,000","293,143",boom
121,8/25/2025,"23,626","$1,525,449,936,054","$13,794,425,000","289,435",boom
122,8/24/2025,"23,714","$1,526,646,577,104","$13,852,175,000","290,324",boom
123,8/23/2025,"23,752","$1,521,774,303,367","$13,819,215,000","290,672",boom
124,8/22/2025,"23,865","$1,522,102,287,616","$13,745,770,000","291,464",boom
125,8/21/2025,"23,890","$1,521,952,017,265","$13,789,035,000","291,723",normal
126,8/20/2025,"23,745","$1,518,503,705,400","$13,842,375,000","290,564",normal
127,8/19/2025,"23,671","$1,516,063,072,583","$13,981,995,000","289,448",normal
128,8/18/2025,"23,473","$1,507,845,604,936","$13,917,325,000","286,965",normal
129,8/17/2025,"23,624","$1,509,906,715,283","$13,888,925,000","288,197",normal
130,8/16/2025,"23,675","$1,504,688,443,220","$13,877,360,000","289,730",normal
131,8/15/2025,"23,622","$1,514,956,927,574","$13,840,475,000","289,974",normal
132,8/14/2025,"23,664","$1,523,074,675,966","$13,884,950,000","290,518",normal
133,8/13/2025,"23,631","$1,522,055,148,015","$13,841,910,000","290,238",normal
134,8/12/2025,"23,597","$1,520,081,630,694","$13,714,510,000","289,605",normal
135,8/11/2025,"23,317","$1,515,557,571,819","$13,795,840,000","286,844",normal
136,8/10/2025,"23,331","$1,519,038,620,253","$13,782,990,000","288,850",normal
137,8/9/2025,"23,462","$1,530,104,885,436","$13,834,280,000","290,290",normal
138,8/8/2025,"23,571","$1,536,805,849,345","$13,884,835,000","291,548",normal
139,8/7/2025,"23,476","$1,113,557,463,783","$13,809,450,000","290,586",normal
140,8/6/2025,"23,494","$1,530,677,092,999","$13,756,340,000","290,856",normal
141,8/5/2025,"23,590","$1,537,625,551,973","$13,620,425,000","291,072",normal
142,8/4/2025,"23,350","$1,527,793,546,704","$13,480,970,000","287,895",normal
143,8/3/2025,"23,393","$1,518,454,385,984","$13,411,900,000","289,007",normal
144,8/2/2025,"23,516","$1,526,430,684,715","$13,322,600,000","290,855",normal
145,8/1/2025,"23,686","$1,532,050,908,658","$13,448,075,000","292,868",normal
146,7/31/2025,"23,788","$1,535,803,015,427","$13,430,320,000","293,447",normal
147,7/30/2025,"23,738","$1,522,995,645,117","$13,217,280,000","293,057",normal
148,7/29/2025,"23,809","$1,522,594,045,906","$13,231,215,000","292,948",normal
149,7/28/2025,"23,605","$1,522,518,723,455","$13,071,395,000","288,380",normal
150,7/27/2025,"23,561","$1,521,091,543,415","$13,032,905,000","268,669",normal
151,7/26/2025,"23,484","$1,528,035,700,004","$13,180,795,000","269,136",normal
152,7/25/2025,"23,507","$1,522,837,214,828","$13,057,495,000","269,074",normal
153,7/24/2025,"23,636","$1,525,369,928,198","$13,189,995,000","270,083",boom
154,7/23/2025,"23,654","$1,526,097,159,007","$13,130,905,000","270,359",boom
155,7/22/2025,"23,596","$1,521,601,690,735","$13,076,460,000","270,209",boom
156,7/21/2025,"23,244","$1,502,466,962,178","$13,000,450,000","266,101",boom
157,7/20/2025,"23,283","$1,494,355,936,520","$13,092,195,000","267,106",boom
158,7/19/2025,"23,458","$1,502,040,803,139","$13,167,155,000","269,069",boom
159,7/18/2025,"23,514","$1,503,013,077,723","$13,107,835,000","269,148",boom
160,7/17/2025,"23,595","$1,504,946,022,881","$13,203,580,000","269,785",boom
161,7/16/2025,"23,640","$1,507,413,017,628","$13,293,935,000","270,219",boom
162,7/15/2025,"23,683","$1,484,175,633,468","$13,334,935,000","270,382",boom
163,7/14/2025,"23,523","$1,480,703,744,315","$13,326,510,000","268,193",boom
164,7/13/2025,"23,494","$1,479,234,622,024","$13,429,080,000","269,103",boom
165,7/12/2025,"23,398","$1,472,479,640,763","$13,330,395,000","268,690",boom
166,7/11/2025,"23,579","$1,478,528,349,651","$13,494,100,000","270,265",boom
167,7/10/2025,"23,710","$1,479,509,893,065","$13,664,170,000","271,228",boom
168,7/9/2025,"23,704","$1,480,276,417,419","$13,700,700,000","271,620",boom
169,7/8/2025,"23,757","$1,476,511,929,000","$13,807,055,000","271,343",boom
170,7/7/2025,"23,420","$1,475,999,626,841","$13,657,635,000","267,845",boom
171,7/6/2025,"23,294","$1,480,504,202,137","$13,768,110,000","268,449",boom
172,7/5/2025,"23,491","$1,473,280,165,609","$13,978,550,000","270,764",boom
173,7/4/2025,"23,657","$1,469,586,952,588","$13,946,095,000","271,959",boom
174,7/3/2025,"23,616","$1,469,049,702,865","$14,040,600,000","271,398",boom
175,7/2/2025,"23,852","$1,470,998,392,924","$14,146,660,000","272,946",boom
176,7/1/2025,"23,858","$1,465,069,101,408","$14,080,180,000","272,288",boom
177,6/30/2025,"23,650","$1,458,133,118,610","$14,133,370,000","269,434",boom
178,6/29/2025,"23,677","$1,450,321,109,420","$14,265,070,000","270,313",boom
179,6/28/2025,"23,879","$1,446,557,196,298","$14,271,645,000","271,287",boom
180,6/27/2025,"24,050","$1,450,563,615,464","$14,368,170,000","272,503",boom
181,6/26/2025,"24,144","$1,445,324,635,140","$14,450,765,000","273,303",boom
182,6/25/2025,"24,439","$1,446,108,671,231",-,-,boom
183,6/24/2025,"24,563","$1,440,093,682,487",-,-,boom
184,6/23/2025,"24,104","$1,422,948,860,143","$14,646,975,000","271,358",boom
185,6/22/2025,"24,162","$1,430,582,652,089","$14,790,055,000","272,708",boom
186,6/21/2025,"24,289","$1,426,833,998,933","$14,739,120,000","274,626",boom
187,6/20/2025,"24,433","$1,426,302,009,974","$14,601,280,000","275,414",boom
188,6/19/2025,"24,628","$1,425,160,057,374","$14,706,150,000","276,814",normal
189,6/18/2025,"24,811","$1,427,970,819,075","$14,776,905,000","278,391",normal
190,6/17/2025,"24,793","$1,422,825,845,380","$14,760,525,000","278,123",normal
191,6/16/2025,"24,226","$1,411,961,127,147","$14,613,555,000","272,899",normal
192,6/15/2025,"24,341","$1,419,045,907,892","$14,717,015,000","274,823",normal
193,6/14/2025,"24,501","$1,420,569,281,678","$14,733,540,000","276,306",normal
194,6/13/2025,"24,565","$1,419,939,000,305","$14,881,685,000","276,517",normal
195,6/12/2025,"24,737","$1,425,823,557,500","$14,897,975,000","278,078",normal
196,6/11/2025,"24,957","$1,430,833,854,271","$14,946,955,000","279,389",normal
197,6/10/2025,"25,025","$1,424,373,560,840","$15,010,655,000","278,982",normal
198,6/9/2025,"24,572","$1,416,980,732,490","$14,886,805,000","274,847",normal
199,6/8/2025,"24,807","$1,420,898,098,020","$15,057,540,000","277,193",normal
200,6/7/2025,"24,890","$1,422,931,261,706","$15,065,755,000","278,642",normal
201,6/6/2025,"24,845","$1,428,857,124,675","$15,064,990,000","278,530",normal
202,6/5/2025,"24,956","$1,436,186,249,592","$15,084,380,000","279,974",normal
203,6/4/2025,"25,007","$1,431,512,273,272","$15,176,845,000","279,862",normal
204,6/3/2025,"25,040","$1,426,606,362,672","$15,216,120,000","279,520",normal
205,6/2/2025,"24,589","$1,411,100,271,792","$14,997,500,000","274,884",normal
206,6/1/2025,"24,828","$1,414,605,919,981","$15,051,830,000","276,936",normal
207,5/31/2025,"25,033","$1,425,168,397,928","$15,303,510,000","278,727",normal
208,5/30/2025,"25,231","$1,431,702,469,903","$15,491,005,000","281,024",normal
209,5/29/2025,"25,188","$1,424,159,358,727","$15,540,750,000","281,079",boom
210,5/28/2025,"25,201","$1,429,339,649,199","$15,723,810,000","281,079",boom
211,5/27/2025,"25,161","$1,419,624,372,163","$15,881,875,000","280,298",boom
212,5/26/2025,"24,755","$1,403,732,408,458","$16,042,260,000","276,363",boom
213,5/25/2025,"24,832","$1,402,223,330,821","$16,386,940,000","278,031",boom
214,5/24/2025,"24,969","$1,408,008,055,878","$16,586,620,000","279,288",boom
215,5/23/2025,"25,013","$1,407,872,985,396","$16,602,000,000","279,362",boom
216,5/22/2025,"25,084","$1,404,628,599,783","$16,767,535,000","279,808",normal
217,5/21/2025,"25,240","$1,406,217,054,592","$16,895,295,000","281,241",normal
218,5/20/2025,"25,261","$1,397,083,971,408","$16,971,380,000","280,730",normal
219,5/19/2025,"24,678","$1,382,689,257,162","$16,984,920,000","276,087",normal
220,5/18/2025,"25,089","$1,387,004,459,639","$17,341,830,000","279,694",normal
221,5/17/2025,"25,274","$1,387,917,159,237","$17,538,895,000","280,741",normal
222,5/16/2025,"25,345","$1,385,354,747,351","$17,598,450,000","281,449",normal
223,5/15/2025,"25,418","$1,381,054,353,442","$17,763,690,000","282,106",normal
224,5/14/2025,"25,444","$1,385,175,581,023","$18,004,965,000","281,928",normal
225,5/13/2025,"25,330","$1,375,074,395,674","$18,175,660,000","280,654",normal
226,5/12/2025,"24,661","$1,360,830,361,712","$18,099,750,000","275,984",normal
227,5/11/2025,"24,959","$1,362,424,150,031","$18,446,890,000","278,629",normal
228,5/10/2025,"25,194","$1,359,948,047,927","$18,470,150,000","279,854",normal
229,5/9/2025,"25,281","$1,368,060,102,544","$18,411,940,000","280,207",normal
230,5/8/2025,"25,291","$1,369,760,098,212","$18,521,320,000","280,779",recession
231,5/7/2025,"25,295","$1,362,924,479,882","$18,665,275,000","281,498",recession
232,5/6/2025,"25,006","$1,357,582,927,403","$18,619,615,000","279,310",recession
233,5/5/2025,"24,423","$1,345,799,030,922","$18,483,575,000","274,679",recession
234,5/4/2025,"24,652","$1,346,508,502,949","$18,351,740,000","276,363",recession
235,5/3/2025,"24,960","$1,367,108,943,530","$18,436,795,000","278,892",recession
236,5/2/2025,"25,223","$1,369,367,914,194","$18,566,795,000","281,066",recession
237,5/1/2025,"25,319","$1,362,087,524,360","$18,701,610,000","282,102",recession
238,4/30/2025,"25,343","$1,358,014,774,569","$18,726,545,000","282,239",recession
239,4/29/2025,"25,308","$1,357,070,132,151","$18,737,780,000","281,659",recession
240,4/28/2025,"24,790","$1,349,832,566,062","$18,595,675,000","277,388",recession
241,4/27/2025,"24,959","$1,358,582,633,394","$18,691,950,000","279,770",recession
242,4/26/2025,"25,085","$1,361,979,828,439","$18,678,390,000","280,920",recession
243,4/25/2025,"25,010","$1,360,321,943,109","$18,563,290,000","280,206",recession
244,4/24/2025,"26,852","$1,386,663,520,598","$18,756,965,000","293,284",recession
245,4/23/2025,"25,064","$1,355,452,242,586","$18,402,395,000","280,551",recession
246,4/22/2025,"24,827","$1,348,592,554,810","$18,089,680,000","277,730",recession
247,4/21/2025,"24,394","$1,336,035,040,742","$17,823,200,000","273,988",recession
248,4/20/2025,"24,522","$1,345,390,392,198","$17,870,475,000","275,790",recession
249,4/19/2025,"24,704","$1,351,042,007,946","$17,829,535,000","278,155",recession
250,4/18/2025,"24,559","$1,358,664,317,229","$17,560,715,000","277,747",recession
251,4/17/2025,"24,618","$1,364,914,957,820","$17,387,265,000","278,353",recession
252,4/16/2025,"24,764","$1,354,918,969,060","$17,242,540,000","279,033",recession
253,4/15/2025,"24,904","$1,351,440,852,157","$16,969,545,000","279,511",recession
254,4/14/2025,"24,486","$1,351,678,701,115","$16,675,420,000","275,083",recession
255,4/13/2025,"24,711","$1,353,015,059,574","$16,718,920,000","277,718",recession
256,4/12/2025,"24,893","$1,364,569,071,409","$16,553,340,000","280,218",recession
257,4/11/2025,"24,850","$1,366,614,570,369","$16,256,440,000","280,201",recession
258,4/10/2025,"24,900","$1,361,649,386,361","$15,997,975,000","280,550",recession
259,4/9/2025,"24,974","$1,365,307,548,905","$15,732,060,000","280,606",recession
260,4/8/2025,"24,951","$1,357,709,171,427","$15,387,815,000","279,881",recession
261,4/7/2025,"24,439","$1,355,897,443,864","$15,205,980,000","275,820",recession
262,4/6/2025,"24,838","$1,366,501,460,382","$15,179,775,000","279,230",recession
263,4/5/2025,"25,206","$1,370,142,958,220","$15,028,175,000","282,369",recession
264,4/4/2025,"25,404","$1,366,882,553,751",-,-,recession
265,4/3/2025,"25,750","$1,375,634,928,965",-,-,normal
266,4/2/2025,"25,887","$1,382,897,626,375","$15,152,495,000","290,458",normal
267,4/1/2025,"25,882","$1,384,549,880,114","$15,106,430,000","290,669",normal
268,3/31/2025,"25,368","$1,382,340,615,057","$15,080,075,000","285,957",normal
269,3/30/2025,"25,628","$1,387,479,689,087","$15,128,780,000","288,885",normal
270,3/29/2025,"25,908","$1,386,255,665,079","$15,073,535,000","291,344",normal
271,3/28/2025,"26,065","$1,382,081,860,094","$15,121,405,000","292,116",normal
272,3/27/2025,"26,201","$1,390,549,480,037","$15,135,045,000","293,392",normal
273,3/26/2025,"26,113","$1,402,201,733,867","$14,970,700,000","293,200",normal
274,3/25/2025,"26,184","$1,402,778,046,574","$14,911,885,000","293,255",normal
275,3/24/2025,"25,594","$1,378,380,012,461","$14,738,640,000","287,788",normal
276,3/23/2025,"25,738","$1,384,830,903,335","$14,710,565,000","289,769",normal
277,3/22/2025,"25,761","$1,393,733,173,983","$14,632,870,000","290,335",normal
278,3/21/2025,"25,766","$1,395,368,632,227","$14,599,740,000","290,014",normal
279,3/20/2025,"25,892","$1,384,333,046,090","$14,607,750,000","290,837",normal
280,3/19/2025,"25,938","$1,386,956,916,819","$14,600,085,000","291,348",normal
281,3/18/2025,"25,862","$1,389,048,640,050","$14,707,540,000","290,641",normal
282,3/17/2025,"25,301","$1,371,539,951,528","$14,559,195,000","285,922",normal
283,3/16/2025,"25,549","$1,380,098,282,541","$14,699,565,000","289,442",normal
284,3/15/2025,"25,691","$1,385,763,263,940","$14,826,180,000","291,084",normal
285,3/14/2025,"25,747","$1,381,735,140,353","$14,773,395,000","290,927",normal
286,3/13/2025,"25,634","$1,378,121,200,993","$14,732,630,000","289,932",boom
287,3/12/2025,"25,545","$1,373,474,208,468","$14,873,270,000","289,675",boom
288,3/11/2025,"25,594","$1,368,182,163,826","$14,997,185,000","289,756",boom
289,3/10/2025,"25,155","$1,359,231,511,175","$14,818,970,000","285,281",boom
290,3/9/2025,"25,483","$1,365,948,622,584","$15,033,480,000","288,819",boom
291,3/8/2025,"25,382","$1,365,325,411,747","$14,986,065,000","289,006",boom
292,3/7/2025,"25,406","$1,365,064,413,531","$15,053,345,000","289,006",boom
293,3/6/2025,"25,519","$1,363,051,408,631","$15,093,635,000","289,951",normal
294,3/5/2025,"25,544","$1,361,382,951,459","$14,977,335,000","290,013",normal
295,3/4/2025,"25,602","$1,364,132,275,405","$15,009,980,000","290,257",normal
296,3/3/2025,"25,029","$1,359,492,534,959","$15,119,215,000","286,053",normal
297,3/2/2025,"25,251","$1,366,125,969,380","$15,153,980,000","288,523",normal
298,3/1/2025,"25,448","$1,370,509,569,168","$15,258,310,000","290,823",normal
299,2/28/2025,"25,599","$1,370,500,722,679","$15,427,495,000","291,734",normal
300,2/27/2025,"25,687","$1,365,101,827,720","$15,600,735,000","291,652",boom
301,2/26/2025,"25,622","$1,364,366,904,842","$15,768,505,000","291,313",boom
302,2/25/2025,"25,697","$1,373,821,153,616","$15,800,860,000","292,225",boom
303,2/24/2025,"25,363","$1,363,540,875,441","$15,874,220,000","288,463",boom
304,2/23/2025,"25,604","$1,366,730,090,220","$15,910,145,000","290,824",boom
305,2/22/2025,"25,533","$1,360,696,664,065","$15,956,130,000","290,684",boom
306,2/21/2025,"25,585","$1,359,172,094,664","$15,842,480,000","290,959",boom
307,2/20/2025,"25,613","$1,361,689,061,353","$15,776,580,000","291,492",normal
308,2/19/2025,"25,561","$1,364,556,727,901","$15,783,685,000","291,844",normal
309,2/18/2025,"25,574","$1,360,991,681,103","$15,812,865,000","291,906",normal
310,2/17/2025,"25,359","$1,355,958,338,233","$15,683,290,000","289,201",normal
311,2/16/2025,"25,517","$1,362,647,107,557","$15,655,900,000","291,398",normal
312,2/15/2025,"25,850","$1,367,694,399,747","$15,709,890,000","294,342",normal
313,2/14/2025,"25,898","$1,356,884,822,001","$15,621,275,000","293,714",normal
314,2/13/2025,"26,044","$1,357,449,900,061","$15,523,495,000","294,809",normal
315,2/12/2025,"26,060","$1,359,867,048,598","$15,461,175,000","295,168",normal
316,2/11/2025,"26,035","$1,366,184,814,313",-,-,normal
317,2/10/2025,"25,569","$1,355,073,587,558",-,-,normal
318,2/9/2025,"25,796","$1,358,393,648,357",-,-,normal
319,2/8/2025,"26,001","$1,357,326,755,362",-,-,normal
320,2/7/2025,"26,060","$1,358,542,703,176",-,-,normal
321,2/6/2025,"25,964","$1,351,662,780,093","$15,261,465,000","294,309",normal
322,2/5/2025,"25,862","$1,344,866,175,797","$15,153,965,000","292,664",normal
323,2/4/2025,"25,825","$1,341,042,703,356","$15,018,930,000","291,852",normal
324,2/3/2025,"25,304","$1,328,667,782,066","$14,956,280,000","287,085",normal
325,2/2/2025,"25,786","$1,344,423,800,822","$15,171,090,000","292,351",normal
326,2/1/2025,"26,168","$1,350,452,637,508","$15,316,960,000","296,431",normal
327,1/31/2025,"26,415","$1,348,987,701,326","$15,417,550,000","298,534",normal
328,1/30/2025,"26,412","$1,349,819,693,173","$15,654,215,000","299,294",normal
329,1/29/2025,"26,316","$1,352,249,072,727","$15,657,170,000","298,876",normal
330,1/28/2025,"26,330","$1,352,527,652,985","$15,728,895,000","298,553",normal
331,1/27/2025,"25,885","$1,344,660,508,078","$15,743,060,000","295,103",normal
332,1/26/2025,"26,236","$1,353,451,022,636","$15,799,965,000","298,262",normal
333,1/25/2025,"26,519","$1,355,703,081,219","$15,927,450,000","300,629",normal
334,1/24/2025,"26,699","$1,349,520,412,932","$15,921,720,000","302,034",normal
335,1/23/2025,"26,705","$1,360,083,606,292","$15,971,015,000","301,749",boom
336,1/22/2025,"26,581","$1,358,274,013,099","$16,113,885,000","300,357",boom
337,1/21/2025,"26,727","$1,357,343,092,672","$16,101,335,000","301,396",boom
338,1/20/2025,"26,551","$1,342,467,530,785","$15,932,930,000","298,909",boom
339,1/19/2025,"26,657","$1,350,784,057,363","$15,937,700,000","300,938",boom
340,1/18/2025,"26,742","$1,348,923,620,367","$15,956,375,000","302,095",boom
341,1/17/2025,"26,689","$1,344,901,885,536","$15,743,730,000","301,511",boom
342,1/16/2025,"26,740","$1,354,475,820,496","$15,754,060,000","302,725",normal
343,1/15/2025,"26,844","$1,351,371,396,765","$15,614,500,000","302,822",normal
344,1/14/2025,"26,911","$1,345,323,634,410","$15,616,195,000","302,358",normal
345,1/13/2025,"26,481","$1,336,254,080,793","$15,348,320,000","298,877",normal
346,1/12/2025,"26,820","$1,342,537,674,144","$15,333,585,000","302,604",normal
347,1/11/2025,"26,795","$1,346,008,782,952","$15,363,870,000","303,052",normal
348,1/10/2025,"26,809","$1,343,028,565,462","$15,319,705,000","302,804",normal
349,1/9/2025,"26,893","$1,346,766,403,127","$15,236,205,000","303,207",normal
350,1/8/2025,"26,978","$1,349,387,257,070","$15,201,060,000","304,198",normal
351,1/7/2025,"26,994","$1,348,373,034,995","$15,226,655,000","303,670",normal
352,1/6/2025,"26,660","$1,345,305,752,105","$15,193,465,000","300,676",normal
353,1/5/2025,"26,631","$1,339,001,973,537","$15,220,735,000","301,122",normal
354,1/4/2025,"26,594","$1,342,619,079,547","$15,093,035,000","301,102",normal
355,1/3/2025,"26,486","$1,342,856,306,947","$15,071,325,000","300,789",normal
356,1/2/2025,"26,178","$1,327,556,609,767","$15,021,660,000","297,631",normal
357,1/1/2025,"26,333","$1,330,949,204,182","$15,116,960,000","299,011",normal
358,12/31/2024,"26,595","$1,342,976,058,655","$15,180,495,000","301,299",normal
359,12/30/2024,"26,537","$1,339,451,979,801","$15,034,965,000","300,111",normal
360,12/29/2024,"26,505","$1,342,562,589,673","$15,069,635,000","301,257",normal
361,12/28/2024,"26,491","$1,343,406,331,568","$15,006,890,000","321,125",normal
362,12/27/2024,"26,437","$1,338,701,382,295","$15,089,850,000","325,312",normal
363,12/26/2024,"26,399","$1,339,618,377,783","$15,183,840,000","325,819",boom
364,12/25/2024,"26,572","$1,345,396,501,595","$15,335,225,000","328,509",boom
365,12/24/2024,"26,803","$1,347,808,714,005","$15,453,770,000","330,494",boom
366,12/23/2024,"26,820","$1,356,788,260,271","$15,532,675,000","330,109",boom
367,12/22/2024,"26,951","$1,354,477,883,454","$15,677,095,000","332,139",boom
368,12/21/2024,"27,066","$1,333,574,590,487","$15,724,175,000","333,260",boom
369,12/20/2024,"27,260","$1,337,735,769,173","$15,889,760,000","335,114",boom
370,12/19/2024,"27,421","$1,337,127,282,618","$15,854,370,000","336,269",boom
371,12/18/2024,"27,472","$1,329,568,956,876","$15,902,625,000","336,280",boom
372,12/17/2024,"27,489","$1,331,995,544,438","$16,036,430,000","335,350",boom
373,12/16/2024,"27,033","$1,320,024,933,008","$16,060,755,000","330,968",boom
374,12/15/2024,"27,323","$1,322,706,208,309","$16,086,515,000","334,475",boom
375,12/14/2024,"27,469","$1,324,337,176,538","$16,165,255,000","336,792",boom
376,12/13/2024,"27,742","$1,328,107,349,554","$16,164,695,000","339,102",boom
377,12/12/2024,"27,944","$1,329,795,663,516","$16,075,310,000","340,219",normal
378,12/11/2024,"28,022","$1,332,317,328,412","$16,132,680,000","340,706",normal
379,12/10/2024,"28,073","$1,328,997,996,325","$15,930,150,000","340,099",normal
380,12/9/2024,"27,388","$1,322,288,603,057","$15,659,380,000","333,404",normal
381,12/8/2024,"27,887","$1,330,937,822,185","$15,650,205,000","338,484",normal
382,12/7/2024,"28,189","$1,338,439,940,432","$15,688,805,000","341,355",normal
383,12/6/2024,"28,108","$1,337,667,160,662","$15,474,375,000","340,947",normal
384,12/5/2024,"28,186","$1,337,366,191,001","$15,529,270,000","343,129",normal
385,12/4/2024,"28,367","$1,345,144,814,133","$15,530,010,000","344,694",normal
386,12/3/2024,"28,353","$1,349,083,753,193","$15,421,100,000","343,447",normal
387,12/2/2024,"27,763","$1,343,940,428,025","$15,089,330,000","335,351",normal
388,12/1/2024,"27,859","$1,346,637,875,256","$14,963,420,000","314,207",normal
389,11/30/2024,"28,130","$1,361,076,674,761","$14,871,745,000","315,616",normal
390,11/29/2024,"28,365","$1,362,179,124,870","$14,772,760,000","317,725",normal
391,11/28/2024,"28,558","$1,360,275,586,594","$14,739,585,000","318,683",normal
392,11/27/2024,"28,687","$1,363,205,557,742","$14,751,825,000","319,609",normal
393,11/26/2024,"28,766","$1,374,139,379,020","$14,833,280,000","319,464",normal
394,11/25/2024,"28,330","$1,363,908,394,564","$14,733,340,000","315,112",normal
395,11/24/2024,"28,625","$1,352,325,494,446","$14,647,440,000","318,162",normal
396,11/23/2024,"28,772","$1,348,286,971,973","$14,712,930,000","319,070",normal
397,11/22/2024,"28,981","$1,347,047,457,761","$14,830,820,000","319,974",normal
398,11/21/2024,"28,949","$1,337,815,270,672","$14,859,995,000","319,626",normal
399,11/20/2024,"28,901","$1,339,262,312,562","$14,821,450,000","319,520",normal
400,11/19/2024,"28,970","$1,340,902,281,733","$14,652,775,000","319,758",normal
401,11/18/2024,"28,287","$1,332,295,799,324","$14,442,085,000","314,285",normal
402,11/17/2024,"28,498","$1,335,625,997,613","$14,375,130,000","316,874",normal
403,11/16/2024,"28,737","$1,335,570,814,483","$14,223,365,000","318,613",normal
404,11/15/2024,"28,764","$1,338,471,772,784","$14,137,075,000","319,159",normal
405,11/14/2024,"28,875","$1,339,081,586,520","$14,086,740,000","320,111",normal
406,11/13/2024,"28,814","$1,336,771,191,913","$13,855,530,000","320,787",normal
407,11/12/2024,"28,660","$1,331,173,622,888","$13,759,985,000","331,457",normal
408,11/11/2024,"28,185","$1,323,229,020,308","$13,705,160,000","337,321",normal
409,11/10/2024,"28,322","$1,317,694,706,480","$13,686,650,000","342,288",normal
410,11/9/2024,"28,365","$1,312,444,974,039","$13,698,610,000","343,638",normal
411,11/8/2024,"28,281","$1,321,445,911,785","$13,637,070,000","343,650",normal
412,11/7/2024,"28,413","$1,328,867,433,451","$13,669,780,000","344,969",normal
413,11/6/2024,"28,588","$1,324,158,374,550","$13,667,610,000","345,579",normal
414,11/5/2024,"28,688","$1,327,902,814,488","$13,608,035,000","345,618",normal
415,11/4/2024,"28,140","$1,311,299,060,226","$13,376,820,000","340,347",normal
416,11/3/2024,"28,327","$1,310,928,357,793","$13,472,575,000","342,317",normal
417,11/2/2024,"28,479","$1,313,163,222,680","$13,581,910,000","344,331",normal
418,11/1/2024,"28,474","$1,312,208,319,740","$13,662,775,000","344,402",normal
419,10/31/2024,"28,928","$1,312,405,287,605","$13,711,360,000","347,527",normal
420,10/30/2024,"29,027","$1,311,884,270,227","$13,808,445,000","348,103",normal
421,10/29/2024,"28,963","$1,304,339,439,408","$13,868,900,000","347,012",normal
422,10/28/2024,"28,342","$1,295,402,888,466","$13,737,035,000","341,032",normal
423,10/27/2024,"28,519","$1,297,159,397,662","$13,882,490,000","343,649",normal
424,10/26/2024,"28,821","$1,295,277,087,814","$14,001,210,000","345,929",normal
425,10/25/2024,"29,059","$1,289,206,048,325","$14,155,555,000","346,987",normal
426,10/24/2024,"29,150","$1,288,416,912,745","$14,139,020,000","347,839",boom
427,10/23/2024,"29,031","$1,294,304,041,290","$14,204,885,000","347,112",boom
428,10/22/2024,"29,099","$1,285,878,397,393","$14,182,040,000","346,725",boom
429,10/21/2024,"28,548","$1,281,566,866,000","$14,086,390,000","341,569",boom
430,10/20/2024,"28,816","$1,281,280,649,440","$14,168,880,000","345,014",boom
431,10/19/2024,"29,025","$1,275,829,431,481","$14,237,635,000","346,593",boom
432,10/18/2024,"28,914","$1,270,819,764,117","$14,229,420,000","345,316",boom
433,10/17/2024,"28,764","$1,269,697,855,899","$14,183,310,000","344,429",normal
434,10/16/2024,"28,899","$1,268,067,025,946","$14,095,230,000","345,520",normal
435,10/15/2024,"28,894","$1,272,598,435,804","$14,033,460,000","345,293",normal
436,10/14/2024,"28,371","$1,264,562,945,934","$13,933,240,000","339,429",normal
437,10/13/2024,"28,614","$1,263,512,963,343","$14,073,270,000","341,249",normal
438,10/12/2024,"28,666","$1,260,501,798,345","$14,217,910,000","343,069",normal
439,10/11/2024,"28,838","$1,258,225,021,590","$14,225,045,000","343,830",normal
440,10/10/2024,"28,786","$1,254,354,673,249","$14,220,320,000","343,986",recession
441,10/9/2024,"28,671","$1,255,262,834,052","$14,196,095,000","343,035",recession
442,10/8/2024,"28,898","$1,247,519,705,182","$14,215,385,000","342,895",recession
443,10/7/2024,"28,419","$1,239,517,841,048","$14,072,015,000","337,705",recession
444,10/6/2024,"28,673","$1,241,844,966,962","$14,087,600,000","340,110",recession
445,10/5/2024,"28,715","$1,245,238,107,611","$14,121,650,000","340,378",recession
446,10/4/2024,"28,697","$1,244,698,038,381","$14,148,510,000","341,518",recession
447,10/3/2024,"28,643","$1,242,347,444,737","$14,112,080,000","341,514",recession
448,10/2/2024,"28,766","$1,244,335,334,460","$14,205,400,000","341,855",recession
449,10/1/2024,"28,899","$1,243,919,572,188","$14,438,000,000","341,925",recession
450,9/30/2024,"28,327","$1,231,959,487,101","$14,360,460,000","336,316",recession
451,9/29/2024,"28,483","$1,228,740,601,266","$14,426,695,000","338,164",recession
452,9/28/2024,"28,669","$1,223,927,807,926","$14,550,100,000","338,203",recession
453,9/27/2024,"28,681","$1,228,813,382,862","$14,485,390,000","322,266",recession
454,9/26/2024,"28,555","$1,221,960,943,903","$14,405,545,000","312,073",recession
455,9/25/2024,"28,387","$1,211,921,761,729","$14,514,565,000","311,465",recession
456,9/24/2024,"28,444","$1,209,469,669,628","$14,530,770,000","311,469",recession
457,9/23/2024,"27,808","$1,201,586,317,457","$14,329,330,000","305,666",recession
458,9/22/2024,"28,222","$1,201,835,672,266","$14,488,835,000","308,308",recession
459,9/21/2024,"28,263","$1,193,428,904,220","$14,413,962,500","307,588",recession
460,9/20/2024,"28,305","$1,185,022,136,174","$14,339,090,000","306,868",recession
461,9/19/2024,"28,532","$1,188,578,717,331","$14,488,360,000","310,766",recession
462,9/18/2024,"28,566","$1,188,167,673,630","$14,519,235,000","311,244",recession
463,9/17/2024,"28,660","$1,180,737,010,224","$14,483,212,500","308,216",recession
464,9/16/2024,"28,251","$1,169,953,674,914","$14,447,190,000","305,188",recession
465,9/15/2024,"28,279","$1,168,710,563,669","$14,509,260,000","307,535",recession
466,9/14/2024,"28,344","$1,173,498,417,407","$14,545,535,000","308,570",recession
467,9/13/2024,"28,365","$1,176,794,277,227","$14,629,020,000","308,334",recession
468,9/12/2024,"28,441","$1,171,179,853,023","$14,614,270,000","307,943",recession
469,9/11/2024,"28,410","$1,165,064,066,861","$14,664,400,000","307,539",recession
470,9/10/2024,"28,342","$1,166,082,309,932","$14,781,135,000","306,707",recession
471,9/9/2024,"27,990","$1,158,082,975,144","$14,582,220,000","303,389",recession
472,9/8/2024,"28,199","$1,167,928,379,470","$14,720,755,000","305,304",recession
473,9/7/2024,"28,464","$1,185,118,188,030","$14,871,050,000","306,897",recession
474,9/6/2024,"28,567","$1,183,360,387,273","$14,882,320,000","307,030",recession
475,9/5/2024,"28,754","$1,178,580,970,910","$14,964,440,000","306,950",normal
476,9/4/2024,"28,838","$1,180,568,385,908","$15,275,110,000","308,560",normal
477,9/3/2024,"28,351","$1,177,875,986,419","$15,414,625,000","306,449",normal
478,9/2/2024,"27,881","$1,162,480,611,774","$15,345,555,000","302,660",normal
479,9/1/2024,"28,186","$1,164,447,952,460","$15,654,775,000","303,111",normal
480,8/31/2024,"28,373","$1,159,129,687,951","$15,920,700,000","306,040",normal
481,8/30/2024,"28,557","$1,156,463,546,393","$16,256,065,000","306,912",normal
482,8/29/2024,"28,619","$1,156,983,391,582","$16,462,305,000","306,829",boom
483,8/28/2024,"28,597","$1,155,045,420,757","$16,693,215,000","306,267",boom
484,8/27/2024,"28,465","$1,145,800,493,925","$16,918,920,000","305,074",boom
485,8/26/2024,"27,890","$1,137,757,646,438","$17,073,920,000","301,001",boom
486,8/25/2024,"27,901","$1,132,985,650,693","$17,255,115,000","301,692",boom
487,8/24/2024,"28,017","$1,135,917,605,448","$17,417,190,000","303,245",boom
488,8/23/2024,"27,963","$1,136,583,643,034","$17,583,895,000","302,821",boom
489,8/22/2024,"27,835","$1,138,067,087,125","$17,544,520,000","302,014",normal
490,8/21/2024,"28,041","$1,140,204,976,476","$17,598,075,000","302,985",normal
491,8/20/2024,"28,152","$1,142,297,977,159","$17,798,665,000","303,041",normal
492,8/19/2024,"27,684","$1,136,993,646,008","$17,913,180,000","299,172",normal
493,8/18/2024,"27,564","$1,134,624,788,437","$18,027,770,000","298,932",normal
494,8/17/2024,"27,693","$1,132,943,784,736","$18,295,870,000","299,472",normal
495,8/16/2024,"27,678","$1,130,440,805,126","$18,294,765,000","299,288",normal
496,8/15/2024,"27,577","$1,125,418,701,323","$18,340,215,000","298,804",normal
497,8/14/2024,"27,646","$1,131,592,639,999","$18,475,545,000","299,050",normal
498,8/13/2024,"27,711","$1,131,518,002,536","$18,724,715,000","299,272",normal
499,8/12/2024,"27,236","$1,125,777,127,446","$18,779,445,000","295,014",normal
500,8/11/2024,"27,171","$1,145,589,416,060","$18,963,370,000","295,679",normal
501,8/10/2024,"27,331","$1,147,292,013,327","$19,033,055,000","297,616",normal
502,8/9/2024,"27,356","$1,142,489,504,570","$19,119,775,000","297,149",normal
503,8/8/2024,"27,303","$1,149,024,496,781","$19,285,710,000","296,673",normal
504,8/7/2024,"27,271","$1,148,549,603,615","$19,253,190,000","295,829",normal
505,8/6/2024,"27,462","$1,146,705,564,302","$19,411,925,000","296,746",normal
506,8/5/2024,"27,187","$1,149,325,553,880","$19,487,205,000","294,490",normal
507,8/4/2024,"27,040","$1,142,638,712,281","$19,589,010,000","294,159",normal
508,8/3/2024,"27,040","$1,146,138,193,047","$19,806,215,000","294,425",normal
509,8/2/2024,"27,068","$1,146,251,197,678","$20,070,670,000","294,571",normal
510,8/1/2024,"27,116","$1,143,138,795,831","$20,161,255,000","294,375",normal
511,7/31/2024,"27,224","$1,141,177,227,454","$20,245,800,000","294,467",normal
512,7/30/2024,"27,279","$1,144,494,296,081","$20,453,350,000","294,394",normal
513,7/29/2024,"26,971","$1,132,714,518,483","$20,440,630,000","290,925",normal
514,7/28/2024,"27,003","$1,137,140,949,953","$20,600,525,000","292,222",normal
515,7/27/2024,"27,045","$1,137,631,318,875","$20,728,470,000","292,660",normal
516,7/26/2024,"27,090","$1,139,466,102,091","$20,851,365,000","293,438",normal
517,7/25/2024,"27,092","$1,138,773,198,651","$20,940,595,000","293,972",normal
518,7/24/2024,"26,995","$1,130,339,642,325","$21,064,065,000","293,029",normal
519,7/23/2024,"27,096","$1,137,780,096,529","$21,216,870,000","293,682",normal
520,7/22/2024,"26,900","$1,136,291,549,275","$21,160,100,000","291,036",normal
521,7/21/2024,"26,650","$1,127,618,089,650","$21,169,605,000","289,945",normal
522,7/20/2024,"26,705","$1,132,364,995,566","$21,258,025,000","291,404",normal
523,7/19/2024,"26,719","$1,137,074,170,231","$21,177,830,000","290,765",normal
524,7/18/2024,"26,782","$1,136,292,204,608","$21,245,855,000","291,672",recession
525,7/17/2024,"26,819","$1,147,507,684,062","$21,223,940,000","292,496",recession
526,7/16/2024,"26,928","$1,148,475,587,901","$21,129,090,000","291,895",recession
527,7/15/2024,"26,756","$1,134,117,273,256","$20,937,570,000","289,361",recession
528,7/14/2024,"26,759","$1,131,693,168,995","$21,023,320,000","290,548",recession
529,7/13/2024,"26,679","$1,138,708,100,083","$21,206,380,000","291,075",recession
530,7/12/2024,"26,593","$1,140,921,700,921","$21,108,155,000","291,053",recession
531,7/11/2024,"26,573","$1,139,492,816,387","$20,996,240,000","290,975",recession
532,7/10/2024,"26,509","$1,138,949,858,955","$20,988,180,000","290,734",recession
533,7/9/2024,"26,680","$1,135,679,401,390","$21,149,725,000","290,972",recession
534,7/8/2024,"26,568","$1,132,374,579,208","$21,167,490,000","289,289",recession
535,7/7/2024,"26,624","$1,136,123,944,543","$21,320,505,000","292,075",recession
536,7/6/2024,"26,714","$1,140,286,406,863","$21,379,145,000","293,664",recession
537,7/5/2024,"26,865","$1,141,824,600,084","$21,316,275,000","294,279",recession
538,7/4/2024,"26,939","$1,137,677,063,727","$21,286,380,000","294,331",recession
539,7/3/2024,"27,079","$1,138,550,069,215","$21,294,585,000","295,344",recession
540,7/2/2024,"27,143","$1,134,521,852,165","$21,395,470,000","295,873",recession
541,7/1/2024,"26,862","$1,124,213,623,278","$21,405,985,000","293,007",recession
542,6/30/2024,"26,863","$1,129,351,770,967","$21,275,350,000","294,360",recession
543,6/29/2024,"26,986","$1,132,426,632,383","$21,427,110,000","295,656",recession
544,6/28/2024,"27,131","$1,136,868,083,977","$21,475,020,000","296,598",recession
545,6/27/2024,"27,169","$1,140,261,934,992","$21,191,305,000","296,612",recession
546,6/26/2024,"27,464","$1,143,663,507,782","$21,149,770,000","298,506",recession
547,6/25/2024,"27,653","$1,138,068,021,248","$21,144,530,000","298,539",recession
548,6/24/2024,"27,169","$1,138,573,283,043","$21,126,020,000","295,442",recession
549,6/23/2024,"27,189","$1,144,388,648,653","$21,171,130,000","297,266",recession
550,6/22/2024,"27,257","$1,142,679,007,799","$21,070,000,000","297,910",recession
551,6/21/2024,"27,384","$1,137,232,755,478","$21,013,085,000","298,527",recession
552,6/20/2024,"27,391","$1,140,847,393,188","$20,869,255,000","298,303",recession
553,6/19/2024,"27,536","$1,142,764,583,566","$20,897,295,000","299,698",recession
554,6/18/2024,"27,748","$1,139,810,793,202","$20,921,075,000","300,222",recession
555,6/17/2024,"27,417","$1,141,143,669,359","$20,832,155,000","296,678",recession
556,6/16/2024,"27,445","$1,149,083,795,722","$20,743,945,000","298,179",recession
557,6/15/2024,"27,370","$1,145,214,165,456","$20,665,795,000","298,754",recession
558,6/14/2024,"27,476","$1,144,470,261,026","$20,594,515,000","300,063",recession
559,6/13/2024,"27,590","$1,140,086,019,614","$20,768,900,000","300,579",normal
560,6/12/2024,"27,606","$1,145,228,226,037","$20,833,180,000","300,663",normal
561,6/11/2024,"27,538","$1,140,686,399,159","$20,647,480,000","299,208",normal
562,6/10/2024,"27,150","$1,127,583,614,280","$20,434,125,000","295,556",normal
563,6/9/2024,"27,320","$1,139,987,513,920","$20,712,270,000","298,800",normal
564,6/8/2024,"27,354","$1,151,840,802,278","$20,448,350,000","299,713",normal
565,6/7/2024,"27,456","$1,157,654,893,710","$20,312,215,000","300,271",normal
566,6/6/2024,"27,544","$1,144,283,430,101","$19,981,580,000","300,168",recession
567,6/5/2024,"27,617","$1,144,109,817,963","$19,657,370,000","300,683",recession
568,6/4/2024,"27,901","$1,148,845,668,734","$19,356,110,000","300,286",recession
569,6/3/2024,"27,567","$1,148,779,171,609","$19,380,120,000","298,999",recession
570,6/2/2024,"27,569","$1,150,900,893,824","$19,194,040,000","299,487",recession
571,6/1/2024,"27,736","$1,154,819,680,835","$18,844,865,000","300,873",recession
572,5/31/2024,"27,891","$1,154,396,417,732","$18,849,065,000","303,058",recession
573,5/30/2024,"28,063","$1,151,110,242,422","$19,060,230,000","304,380",normal
574,5/29/2024,"28,169","$1,159,504,271,089","$18,951,235,000","304,563",normal
575,5/28/2024,"27,978","$1,156,351,568,287","$18,818,790,000","302,573",normal
576,5/27/2024,"27,588","$1,138,892,542,692","$18,695,860,000","299,106",normal
577,5/26/2024,"27,719","$1,140,048,448,208","$18,749,205,000","300,503",normal
578,5/25/2024,"27,953","$1,145,910,566,268","$18,774,305,000","302,715",normal
579,5/24/2024,"28,072","$1,143,608,594,975","$18,766,510,000","303,318",normal
580,5/23/2024,"28,101","$1,139,549,406,360","$18,671,650,000","303,627",normal
581,5/22/2024,"28,156","$1,139,521,762,952","$18,680,045,000","303,576",normal
582,5/21/2024,"27,981","$1,134,235,049,247","$18,678,470,000","301,329",normal
583,5/20/2024,"27,474","$1,130,830,403,389","$18,633,390,000","297,541",normal
584,5/19/2024,"27,856","$1,136,504,788,512","$18,847,770,000","301,203",normal
585,5/18/2024,"28,001","$1,134,602,237,584","$18,774,280,000","301,817",normal
586,5/17/2024,"27,944","$1,135,190,676,791","$18,711,090,000","301,641",normal
587,5/16/2024,"27,931","$1,132,222,166,558","$18,781,335,000","301,757",normal
588,5/15/2024,"28,039","$1,125,563,777,156","$18,974,670,000","302,111",normal
589,5/14/2024,"28,013","$1,132,285,088,389","$19,168,000,000","301,437",normal
590,5/13/2024,"27,472","$1,125,702,368,158","$19,094,005,000","296,850",normal
591,5/12/2024,"27,749","$1,116,472,682,641","$19,311,880,000","299,005",normal
592,5/11/2024,"28,049","$1,121,294,257,543","$19,432,880,000","301,018",normal
593,5/10/2024,"28,196","$1,125,458,913,590","$19,486,775,000","302,160",normal
594,5/9/2024,"28,248","$1,121,744,569,522","$19,696,325,000","303,838",normal
595,5/8/2024,"28,215","$1,128,785,422,389","$19,706,930,000","303,458",normal
596,5/7/2024,"28,160","$1,119,357,546,985","$19,614,325,000","302,102",normal
597,5/6/2024,"27,584","$1,104,440,484,541","$19,553,995,000","297,183",normal
598,5/5/2024,"28,026","$1,117,614,055,567","$19,559,690,000","300,668",normal
599,5/4/2024,"28,207","$1,118,225,347,706","$19,462,760,000","302,232",normal
600,5/3/2024,"28,256","$1,115,428,927,103","$19,098,895,000","302,190",normal
601,5/2/2024,"28,188","$1,109,275,107,802","$18,843,295,000","302,082",recession
602,5/1/2024,"28,107","$1,104,988,441,776","$18,539,910,000","301,954",recession
603,4/30/2024,"28,218","$1,108,992,146,779","$18,353,710,000","302,470",recession
604,4/29/2024,"27,818","$1,104,567,203,195","$18,066,410,000","298,863",recession
605,4/28/2024,"28,113","$1,111,641,196,781","$17,911,095,000","301,300",recession
606,4/27/2024,"28,278","$1,112,988,724,624","$17,822,690,000","302,508",recession
607,4/26/2024,"28,596","$1,111,661,434,494","$17,704,845,000","304,770",recession
608,4/25/2024,"28,664","$1,113,088,472,277","$17,657,985,000","304,735",normal
609,4/24/2024,"28,739","$1,114,100,244,491","$17,664,270,000","305,359",normal
610,4/23/2024,"28,784","$1,116,469,860,546","$17,683,105,000","305,899",normal
611,4/22/2024,"28,105","$1,104,728,706,691","$17,540,250,000","300,213",normal
612,4/21/2024,"28,435","$1,106,331,212,685",$NaN,NaN,normal
613,4/20/2024,"28,427","$1,108,051,924,755","$17,422,780,000","303,361",normal
614,4/19/2024,"28,463","$1,119,658,151,346","$17,435,365,000","303,977",normal
615,4/18/2024,"28,779","$1,123,540,960,751","$17,470,020,000","305,497",normal
616,4/17/2024,"28,764","$1,114,462,467,359","$17,310,795,000","305,669",normal
617,4/16/2024,"28,713","$1,115,697,951,306","$17,320,495,000","305,432",normal
618,4/15/2024,"28,114","$1,105,484,126,987","$17,126,590,000","300,383",normal
619,4/14/2024,"28,481","$1,115,902,879,686","$17,100,310,000","302,326",normal
620,4/13/2024,"28,666","$1,120,200,287,845","$16,991,015,000","303,818",normal
621,4/12/2024,"28,766","$1,109,604,951,216","$16,856,770,000","304,256",normal
622,4/11/2024,"28,875","$1,108,807,778,677","$16,759,460,000","304,273",normal
623,4/10/2024,"28,955","$1,117,869,074,502","$16,767,410,000","305,603",normal
624,4/9/2024,"28,915","$1,116,022,418,391","$16,670,575,000","304,243",normal
625,4/8/2024,"28,393","$1,099,653,262,142","$16,555,450,000","299,988",normal
626,4/7/2024,"28,531","$1,107,094,736,611","$16,693,825,000","302,103",normal
627,4/6/2024,"28,697","$1,112,031,210,455","$16,711,420,000","303,881",normal
628,4/5/2024,"28,847","$1,113,200,156,902","$16,697,885,000","305,119",normal
629,4/4/2024,"28,832","$1,116,614,688,520","$16,740,405,000","305,622",normal
630,4/3/2024,"28,900","$1,119,482,811,286","$16,675,205,000","305,294",normal
631,4/2/2024,"28,800","$1,114,648,700,946","$16,652,805,000","303,335",normal
632,4/1/2024,"28,533","$1,111,184,232,981","$16,554,685,000","301,081",normal
633,3/31/2024,"28,654","$1,113,763,132,782","$16,722,570,000","302,296",normal
634,3/30/2024,"29,089","$1,113,829,930,403","$16,708,535,000","305,450",normal
635,3/29/2024,"29,337","$1,112,927,278,304","$16,873,425,000","307,355",normal
636,3/28/2024,"29,389","$1,112,451,681,507","$16,784,580,000","308,166",normal
637,3/27/2024,"29,448","$1,115,425,302,025","$16,729,770,000","308,249",normal
638,3/26/2024,"29,567","$1,117,537,831,102","$16,822,690,000","308,227",normal
639,3/25/2024,"29,207","$1,106,620,871,568","$16,662,735,000","304,704",normal
640,3/24/2024,"29,261","$1,117,468,263,198","$16,707,230,000","306,341",normal
641,3/23/2024,"29,090","$1,112,570,505,982","$16,856,030,000","306,738",normal
642,3/22/2024,"29,148","$1,111,950,310,070","$16,982,685,000","307,864",normal
643,3/21/2024,"29,163","$1,115,579,828,992","$17,024,165,000","307,509",boom
644,3/20/2024,"29,359","$1,118,364,724,342","$17,155,535,000","308,408",boom
645,3/19/2024,"29,377","$1,116,280,854,990","$17,027,755,000","307,857",boom
646,3/18/2024,"28,903","$1,114,859,001,452","$17,013,460,000","303,604",boom
647,3/17/2024,"29,236","$1,122,038,348,626","$17,094,415,000","306,594",boom
648,3/16/2024,"29,274","$1,116,048,176,340","$16,977,495,000","307,357",boom
649,3/15/2024,"29,325","$1,101,521,343,468","$16,724,090,000","306,932",boom
650,3/14/2024,"29,553","$1,101,542,924,382","$16,678,510,000","307,717",normal
651,3/13/2024,"29,465","$1,113,219,762,202","$16,608,150,000","307,491",normal
652,3/12/2024,"29,377","$1,111,725,670,359","$16,573,985,000","306,572",normal
653,3/11/2024,"28,983","$1,104,172,232,078","$16,494,260,000","302,428",normal
654,3/10/2024,"29,472","$1,107,576,467,791","$16,630,825,000","305,632",normal
655,3/9/2024,"29,428","$1,110,355,885,061","$16,665,165,000","306,032",normal
656,3/8/2024,"29,232","$1,110,617,262,043","$16,602,670,000","305,287",normal
657,3/7/2024,"29,203","$1,114,903,779,456","$16,511,210,000","305,734",normal
658,3/6/2024,"29,258","$1,117,855,120,036","$16,523,335,000","306,374",normal
659,3/5/2024,"29,383","$1,114,275,272,393","$16,564,510,000","305,849",normal
660,3/4/2024,"29,055","$1,107,730,195,039","$16,632,170,000","302,740",normal
661,3/3/2024,"29,174","$1,104,531,808,656","$16,569,205,000","304,175",normal
662,3/2/2024,"29,113","$1,102,377,965,942","$16,457,310,000","303,777",normal
663,3/1/2024,"29,066","$1,100,388,759,841","$16,558,030,000","303,810",normal
664,2/29/2024,"29,181","$1,105,713,318,364","$16,655,835,000","304,441",normal
665,2/28/2024,"29,231","$1,107,112,791,304","$16,753,655,000","305,068",normal
666,2/27/2024,"29,154","$1,101,379,156,770","$16,714,560,000","304,026",normal
667,2/26/2024,"28,760","$1,092,434,290,542","$16,669,890,000","300,267",normal
668,2/25/2024,"28,959","$1,093,330,227,943","$16,848,250,000","302,534",normal
669,2/24/2024,"28,797","$1,096,807,022,011","$16,984,295,000","302,450",normal
670,2/23/2024,"28,824","$1,091,756,691,228","$17,158,340,000","302,505",normal
671,2/22/2024,"28,979","$1,086,429,733,822","$17,387,675,000","303,270",boom
672,2/21/2024,"28,904","$1,090,785,712,138","$17,637,125,000","302,697",boom
673,2/20/2024,"28,802","$1,088,874,774,696","$17,863,335,000","301,622",boom
674,2/19/2024,"28,541","$1,071,162,050,723","$17,970,650,000","298,182",boom
675,2/18/2024,"28,772","$1,066,539,403,239","$18,388,955,000","300,796",boom
676,2/17/2024,"28,812","$1,064,784,557,724","$18,567,260,000","301,104",boom
677,2/16/2024,"28,615","$1,063,829,963,373","$18,655,070,000","299,581",boom
678,2/15/2024,"28,572","$1,062,855,967,921","$18,665,590,000","299,328",normal
679,2/14/2024,"28,355","$1,064,392,421,082","$18,624,600,000","298,982",normal
680,2/13/2024,"28,408","$1,061,567,116,859","$18,774,225,000","299,303",normal
681,2/12/2024,"28,463","$1,054,575,763,001","$18,881,290,000","296,724",normal
682,2/11/2024,"28,825","$1,063,547,746,188","$19,148,275,000","300,446",normal
683,2/10/2024,"28,873","$1,065,194,228,609","$19,164,395,000","301,609",normal
684,2/9/2024,"28,741","$1,058,751,820,340","$19,049,195,000","300,795",normal
685,2/8/2024,"28,783","$1,053,160,130,453","$18,959,075,000","300,784",recession
686,2/7/2024,"28,917","$1,055,990,814,519","$19,039,980,000","301,384",recession
687,2/6/2024,"29,168","$1,066,119,268,834","$19,071,010,000","302,347",recession
688,2/5/2024,"28,867","$1,060,438,317,385","$18,945,480,000","299,254",recession
689,2/4/2024,"28,767","$1,061,580,540,219","$18,743,085,000","299,624",recession
690,2/3/2024,"28,886","$1,062,114,299,568","$18,988,615,000","301,108",recession
691,2/2/2024,"28,961","$1,059,494,872,468","$18,849,410,000","301,144",recession
692,2/1/2024,"28,969","$1,054,693,468,410","$18,879,285,000","300,549",recession
693,1/31/2024,"29,071","$1,052,098,821,485","$18,854,805,000","300,506",recession
694,1/30/2024,"29,171","$1,052,287,072,688","$18,542,645,000","300,223",recession
695,1/29/2024,"28,924","$1,047,958,788,053","$18,479,745,000","297,608",recession
696,1/28/2024,"28,975","$1,044,647,931,201","$18,655,810,000","298,725",recession
697,1/27/2024,"28,880","$1,049,776,230,904","$18,706,770,000","299,062",recession
698,1/26/2024,"28,837","$1,053,801,385,537","$18,840,110,000","299,289",recession
699,1/25/2024,"28,892","$1,051,089,102,514","$18,889,580,000","299,954",normal
700,1/24/2024,"28,995","$1,047,329,401,749","$18,965,725,000","300,240",normal
701,1/23/2024,"29,062","$1,044,380,898,987","$19,220,370,000","300,326",normal
702,1/22/2024,"28,428","$1,028,288,542,591","$19,185,870,000","294,709",normal
703,1/21/2024,"28,447","$1,036,677,154,220","$19,283,445,000","295,765",normal
704,1/20/2024,"28,453","$1,044,344,020,266","$19,620,040,000","296,613",normal
705,1/19/2024,"16,399","$1,037,834,043,690","$17,769,375,000","223,869",normal
706,1/18/2024,"28,599","$1,035,081,358,336","$19,521,025,000","296,269",normal
707,1/17/2024,"28,490","$1,035,463,280,727","$19,591,915,000","296,060",normal
708,1/16/2024,"28,539","$1,033,865,300,263","$19,541,040,000","295,368",normal
709,1/15/2024,"28,410","$1,033,553,036,722","$19,453,435,000","292,822",normal
710,1/14/2024,"28,625","$1,039,573,762,907","$19,571,915,000","295,664",normal
711,1/13/2024,"28,419","$1,036,126,125,531","$19,540,470,000","295,175",normal
712,1/12/2024,"28,158","$1,035,319,375,235","$19,388,660,000","294,316",normal
713,1/11/2024,"28,222","$1,034,605,366,082","$19,123,425,000","294,662",recession
714,1/10/2024,"28,353","$1,036,082,417,495","$18,908,190,000","294,745",recession
715,1/9/2024,"29,107","$1,037,607,732,761","$18,847,800,000","298,550",recession
716,1/8/2024,"28,162","$1,026,595,775,274","$18,498,710,000","290,974",recession
717,1/7/2024,"28,088","$1,029,840,127,761","$18,282,380,000","291,720",recession
718,1/6/2024,"28,739","$1,042,772,879,110",$NaN,NaN,recession
719,1/5/2024,"27,900","$1,038,663,956,520","$17,888,455,000","292,500",recession
720,1/4/2024,"28,014","$1,036,944,296,043","$17,593,585,000","292,245",recession
721,1/3/2024,"28,017","$1,033,731,484,911","$17,299,225,000","291,841",recession
722,1/2/2024,"27,410","$1,027,373,539,680","$16,889,635,000","287,356",recession
723,1/1/2024,"27,407","$1,034,946,420,529","$16,842,145,000","288,227",recession
724,12/31/2023,"27,608","$1,038,059,912,505","$16,652,745,000","289,454",recession
725,12/30/2023,"27,549","$1,040,149,765,087","$16,334,355,000","289,413",recession
726,12/29/2023,"27,545","$1,042,283,644,492","$15,997,220,000","289,294",recession
727,12/28/2023,"27,676","$1,042,883,755,913","$15,824,770,000","289,751",normal
728,12/27/2023,"27,674","$1,042,775,705,460","$15,683,915,000","289,211",normal
729,12/26/2023,"27,733","$1,040,336,763,589","$15,666,385,000","289,617",normal
730,12/25/2023,"27,575","$1,038,406,918,276","$15,691,170,000","288,459",normal
731,12/24/2023,"27,679","$1,046,074,278,417","$15,746,500,000","289,522",normal
732,12/23/2023,"28,021","$1,043,441,135,193","$15,622,485,000","291,149",normal
733,12/22/2023,"28,272","$1,045,560,216,298","$15,606,930,000","292,323",normal
734,12/21/2023,"28,496","$1,047,749,444,330","$15,593,080,000","293,987",normal
735,12/20/2023,"28,444","$1,045,060,587,422","$15,525,165,000","292,870",normal
736,12/19/2023,"28,533","$1,039,402,082,602","$15,613,975,000","292,766",normal
737,12/18/2023,"28,483","$1,033,561,272,902","$15,554,960,000","289,756",normal
738,12/17/2023,"28,880","$1,037,615,332,981","$15,502,300,000","292,386",normal
739,12/16/2023,"28,706","$1,045,508,794,392","$15,619,185,000","293,036",normal
740,12/15/2023,"28,525","$1,044,202,922,536","$15,627,730,000","292,927",normal
741,12/14/2023,"28,349","$1,037,741,461,552","$15,532,815,000","292,023",boom
742,12/13/2023,"28,221","$1,035,916,714,927","$15,552,950,000","291,666",boom
743,12/12/2023,"28,447","$1,034,700,082,691","$15,604,480,000","292,306",boom
744,12/11/2023,"27,983","$1,024,302,324,595","$15,621,275,000","288,067",boom
745,12/10/2023,"27,893","$1,021,097,135,723","$15,724,660,000","288,567",boom
746,12/9/2023,"27,978","$1,024,392,046,345","$15,748,445,000","289,922",boom
747,12/8/2023,"28,081","$1,026,142,935,455","$15,888,105,000","290,517",boom
748,12/7/2023,"28,049","$1,020,162,129,809","$15,908,325,000","289,727",normal
749,12/6/2023,"28,202","$1,027,802,125,433","$15,989,475,000","290,775",normal
750,12/5/2023,"28,502","$1,025,890,030,563","$15,986,140,000","291,013",normal
751,12/4/2023,"28,150","$1,011,348,175,214","$15,895,200,000","286,875",normal
752,12/3/2023,"28,081","$1,006,210,306,211","$15,926,310,000","287,480",normal
753,12/2/2023,"27,969","$1,013,695,367,916","$16,120,020,000","288,266",normal
754,12/1/2023,"27,959","$1,018,742,746,064","$16,248,115,000","287,917",normal
755,11/30/2023,"28,120","$1,020,466,776,977","$16,450,030,000","288,266",boom
756,11/29/2023,"28,200","$1,015,392,220,474","$16,632,635,000","287,822",boom
757,11/28/2023,"28,293","$1,019,987,351,140","$16,844,560,000","288,049",boom
758,11/27/2023,"27,765","$1,000,236,440,605","$16,896,180,000","283,088",boom
759,11/26/2023,"27,763","$998,096,316,804","$17,024,590,000","283,757",boom
760,11/25/2023,"27,609","$990,147,890,422","$17,149,010,000","283,097",boom
761,11/24/2023,"27,765","$997,649,558,541","$17,313,190,000","284,484",boom
762,11/23/2023,"27,940","$1,003,014,965,650","$17,378,575,000","285,950",normal
763,11/22/2023,"27,888","$1,000,978,166,906","$17,502,430,000","285,650",normal
764,11/21/2023,"28,006","$997,908,873,387","$17,501,375,000","285,279",normal
765,11/20/2023,"27,709","$993,865,828,414","$17,322,940,000","281,786",normal
766,11/19/2023,"27,948","$1,000,616,438,059","$17,511,165,000","284,176",normal
767,11/18/2023,"27,957","$1,018,152,279,609","$17,681,710,000","285,535",normal
768,11/17/2023,"27,771","$1,012,134,161,601","$17,583,525,000","284,162",normal
769,11/16/2023,"27,767","$1,013,499,722,723","$17,600,140,000","284,164",recession
770,11/15/2023,"27,622","$1,019,045,151,553","$17,576,900,000","283,143",recession
771,11/14/2023,"27,621","$1,020,158,133,453","$17,474,525,000","282,915",recession
772,11/13/2023,"27,213","$1,009,744,100,827","$17,231,430,000","278,544",recession
773,11/12/2023,"27,317","$1,006,151,735,595","$17,187,120,000","279,471",recession
774,11/11/2023,"27,364","$1,002,409,201,429","$17,159,565,000","280,510",recession
775,11/10/2023,"27,443","$1,006,795,045,222","$17,117,295,000","281,403",recession
776,11/9/2023,"27,452","$1,006,853,940,037","$17,252,210,000","281,822",normal
777,11/8/2023,"27,519","$1,011,913,500,236","$17,225,415,000","281,974",normal
778,11/7/2023,"27,853","$1,013,711,952,424","$17,246,265,000","282,437",normal
779,11/6/2023,"27,598","$1,008,485,491,349","$17,149,500,000","279,047",normal
780,11/5/2023,"27,622","$1,007,766,215,884","$17,195,700,000","279,630",normal
781,11/4/2023,"27,719","$1,004,995,630,835","$17,221,710,000","280,484",normal
782,11/3/2023,"27,785","$1,001,604,419,498","$16,984,365,000","281,014",normal
783,11/2/2023,"27,557","$1,001,357,091,488","$16,626,680,000","280,018",recession
784,11/1/2023,"27,620","$997,069,361,226","$16,504,935,000","279,937",recession
785,10/31/2023,"27,749","$1,001,951,981,856","$16,409,670,000","280,407",recession
786,10/30/2023,"27,386","$999,019,183,177","$16,151,475,000","276,434",recession
787,10/29/2023,"27,509","$1,001,010,753,651","$15,943,910,000","278,227",recession
788,10/28/2023,"27,449","$1,001,296,588,482","$15,742,125,000","278,232",recession
789,10/27/2023,"27,560","$997,322,243,824","$15,482,940,000","278,653",recession
790,10/26/2023,"27,642","$994,055,218,180","$15,414,115,000","278,913",normal
791,10/25/2023,"27,668","$998,825,472,182","$15,450,485,000","279,345",normal
792,10/24/2023,"27,894","$1,004,309,416,337","$15,480,335,000","280,192",normal
793,10/23/2023,"27,455","$990,384,009,545","$15,311,820,000","275,259",normal
794,10/22/2023,"27,328","$986,701,508,701","$15,467,235,000","276,318",normal
795,10/21/2023,"27,112","$989,662,287,323","$15,492,350,000","276,253",normal
796,10/20/2023,"27,297","$987,343,252,224","$15,466,950,000","277,699",normal
797,10/19/2023,"27,849","$997,585,435,551",$NaN,NaN,normal
798,10/18/2023,"27,280","$998,051,120,094","$15,339,490,000","277,575",normal
799,10/17/2023,"27,535","$993,220,753,605","$15,340,450,000","277,494",normal
800,10/16/2023,"27,272","$991,669,720,911","$15,389,075,000","274,471",normal
801,10/15/2023,"27,367","$995,543,779,871","$15,432,615,000","275,949",normal
802,10/14/2023,"27,604","$997,058,049,810","$15,451,755,000","277,499",normal
803,10/13/2023,"27,643","$998,737,035,951","$15,410,590,000","277,381",normal
804,10/12/2023,"27,716","$996,998,897,071","$15,391,475,000","277,725",normal
805,10/11/2023,"27,769","$996,932,910,670","$15,267,195,000","277,576",normal
806,10/10/2023,"27,933","$995,992,848,750","$15,268,905,000","277,257",normal
807,10/9/2023,"27,777","$987,212,123,998","$15,158,135,000","274,746",normal
808,10/8/2023,"27,739","$989,912,711,541","$15,202,825,000","275,891",normal
809,10/7/2023,"27,628","$989,032,207,451","$15,322,640,000","276,192",normal
810,10/6/2023,"27,638","$996,152,468,511","$15,470,060,000","276,404",normal
811,10/5/2023,"27,579","$997,106,085,178","$15,470,745,000","276,062",normal
812,10/4/2023,"27,721","$995,111,718,431","$15,751,920,000","291,430",normal
813,10/3/2023,"28,050","$988,545,345,133","$15,436,190,000","276,988",normal
814,10/2/2023,"27,621","$982,477,388,903","$15,278,400,000","272,782",normal
815,10/1/2023,"27,625","$990,042,200,285","$15,309,100,000","273,819",normal
816,9/30/2023,"27,853","$989,758,427,731","$15,339,995,000","274,857",normal
817,9/29/2023,"27,996","$992,091,343,456","$15,363,115,000","275,137",normal
818,9/28/2023,"28,414","$1,002,524,769,547","$15,449,780,000","278,005",normal
819,9/27/2023,"27,776","$1,000,112,520,863","$15,332,135,000","274,153",normal
820,9/26/2023,"28,107","$993,852,591,404","$15,335,540,000","274,544",normal
821,9/25/2023,"27,858","$984,074,196,317","$15,320,390,000","271,156",normal
822,9/24/2023,"27,967","$993,087,947,071","$15,481,400,000","272,624",normal
823,9/23/2023,"27,902","$988,636,634,450","$15,613,680,000","272,312",normal
824,9/22/2023,"27,788","$974,478,575,788","$15,614,255,000","271,795",normal
825,9/21/2023,"27,468","$992,935,386,804","$15,640,500,000","271,084",normal
826,9/20/2023,"27,365","$995,883,745,774","$15,739,700,000","271,074",normal
827,9/19/2023,"27,643","$993,746,271,081","$15,838,925,000","271,064",normal
828,9/18/2023,"27,269","$981,858,010,916","$15,736,085,000","266,879",normal
829,9/17/2023,"27,640","$986,472,371,613","$15,732,420,000","268,298",normal
830,9/16/2023,"28,302","$992,953,504,938","$15,838,845,000","269,682",normal
831,9/15/2023,"29,785","$988,186,614,628","$15,986,065,000","272,865",normal
832,9/14/2023,"31,019","$990,647,964,600","$16,042,960,000","275,220",normal
833,9/13/2023,"29,512","$988,498,756,053","$16,084,250,000","270,839",normal
834,9/12/2023,"27,539","$988,050,351,612","$16,080,900,000","265,618",normal
835,9/11/2023,"26,490","$983,721,379,980","$15,987,010,000","259,477",normal
836,9/10/2023,"26,337","$987,657,400,561","$16,062,505,000","260,435",normal
837,9/9/2023,"25,990","$986,884,812,081","$16,088,975,000","260,488",normal
838,9/8/2023,"25,673","$979,152,164,840","$15,882,995,000","259,952",normal
839,9/7/2023,"25,633","$979,749,367,994","$15,782,105,000","260,265",recession
840,9/6/2023,"25,536","$982,661,903,114","$15,572,730,000","259,682",recession
841,9/5/2023,"25,594","$986,874,512,568","$15,335,345,000","258,422",recession
842,9/4/2023,"25,227","$980,902,709,735","$15,149,695,000","255,902",recession
843,9/3/2023,"24,999","$975,197,502,976","$15,053,175,000","256,816",recession
844,9/2/2023,"24,813","$980,487,745,063","$14,901,690,000","257,540",recession
845,9/1/2023,"24,763","$988,181,791,555","$14,690,610,000","257,519",recession
846,8/31/2023,"24,642","$990,209,733,058","$14,649,900,000","256,987",normal
847,8/30/2023,"24,703","$995,850,561,825","$14,658,625,000","257,714",normal
848,8/29/2023,"24,709","$996,324,245,405","$14,640,275,000","257,015",normal
849,8/28/2023,"24,293","$995,949,083,858","$14,486,495,000","254,244",normal
850,8/27/2023,"24,239","$997,604,115,771","$14,412,710,000","255,237",normal
851,8/26/2023,"24,143","$995,758,781,740","$14,453,500,000","255,648",normal
852,8/25/2023,"24,083","$990,198,937,349","$14,377,270,000","256,276",normal
853,8/24/2023,"24,018","$1,001,845,885,722","$14,358,830,000","256,643",normal
854,8/23/2023,"23,987","$998,612,876,836","$14,182,895,000","256,507",normal
855,8/22/2023,"24,101","$986,614,934,371","$14,202,010,000","256,385",normal
856,8/21/2023,"23,806","$993,551,643,108","$14,160,075,000","253,258",normal
857,8/20/2023,"23,704","$999,622,415,398","$14,161,560,000","254,423",normal
858,8/19/2023,"23,627","$1,001,442,843,388","$14,135,855,000","255,085",normal
859,8/17/2023,"23,394","$999,712,559,926","$14,045,975,000","254,859",normal
860,8/16/2023,"23,378","$999,506,898,721","$13,905,430,000","254,693",normal
861,8/15/2023,"23,472","$1,006,582,411,909","$13,931,070,000","255,649",normal
862,8/14/2023,"23,190","$1,003,217,816,114","$13,889,880,000","253,110",normal
863,8/13/2023,"23,201","$1,002,403,620,042","$14,019,775,000","253,839",normal
864,8/12/2023,"23,261","$1,006,513,552,357","$13,949,275,000","254,718",normal
865,8/11/2023,"23,409","$1,009,398,567,301","$13,849,225,000","255,944",normal
866,8/10/2023,"23,424","$1,003,835,020,527","$13,859,405,000","256,341",normal
867,8/9/2023,"23,446","$1,007,200,080,870","$13,878,385,000","256,858",normal
868,8/8/2023,"23,643","$1,001,164,115,638","$13,995,625,000","257,719",normal
869,8/7/2023,"23,397","$980,844,805,451","$13,983,670,000","254,774",normal
870,8/6/2023,"23,481","$990,414,336,843","$13,953,615,000","256,961",normal
871,8/5/2023,"23,469","$1,015,862,004,492","$13,927,170,000","257,661",normal
872,8/4/2023,"23,425","$1,015,580,944,912","$13,841,070,000","257,638",normal
873,8/3/2023,"23,429","$998,801,344,761","$13,944,565,000","257,817",boom
874,8/2/2023,"23,561","$1,002,001,603,687","$14,005,035,000","258,467",boom
875,8/1/2023,"23,772","$994,337,250,263","$14,159,580,000","259,495",boom
876,7/31/2023,"23,600","$991,578,655,858","$14,291,215,000","257,725",boom
877,7/30/2023,"23,528","$990,064,368,983","$14,423,195,000","258,273",boom
878,7/29/2023,"23,547","$995,753,818,467","$14,543,960,000","259,943",boom
879,7/28/2023,"23,604","$988,581,323,541","$14,605,310,000","260,273",boom
880,7/27/2023,"23,793","$996,327,073,004","$14,820,340,000","261,418",boom
881,7/26/2023,"23,859","$988,814,964,114","$14,936,280,000","261,941",boom
882,7/25/2023,"23,850","$990,864,020,200","$14,946,560,000","261,436",boom
883,7/24/2023,"23,602","$976,219,131,248","$14,981,015,000","258,883",boom
884,7/23/2023,"23,546","$983,729,182,544","$15,181,925,000","260,075",boom
885,7/22/2023,"23,608","$968,233,252,298","$15,216,470,000","260,961",boom
886,7/21/2023,"23,688","$982,645,668,410","$15,189,455,000","261,400",boom
887,7/20/2023,"23,813","$972,061,313,746","$15,190,415,000","261,777",normal
888,7/19/2023,"23,888","$983,105,199,954","$15,360,295,000","261,944",normal
889,7/18/2023,"23,936","$984,543,688,709","$15,369,770,000","262,302",normal
890,7/17/2023,"23,644","$980,708,470,500","$15,305,860,000","259,180",normal
891,7/16/2023,"23,605","$992,118,928,306","$15,562,610,000","260,795",normal
892,7/15/2023,"23,764","$996,044,820,724","$15,761,590,000","263,092",normal
893,7/14/2023,"23,782","$983,068,368,292","$15,863,375,000","262,949",normal
894,7/13/2023,"23,962","$991,958,805,568","$16,017,410,000","263,983",boom
895,7/12/2023,"24,392","$996,142,974,367","$16,287,635,000","266,805",boom
896,7/11/2023,"24,177","$987,253,866,677","$16,670,060,000","265,552",boom
897,7/10/2023,"23,888","$974,145,994,352","$16,879,020,000","262,225",boom
898,7/9/2023,"24,052","$978,322,291,647","$17,118,290,000","263,877",boom
899,7/8/2023,"24,228","$979,047,366,046","$17,422,335,000","265,133",boom
900,7/7/2023,"24,251","$979,494,676,139","$17,601,390,000","265,565",boom
901,7/6/2023,"24,233","$983,412,551,969","$17,710,345,000","265,592",normal
902,7/5/2023,"24,243","$980,846,414,270","$17,962,155,000","266,209",normal
903,7/4/2023,"24,385","$979,584,392,731","$18,116,480,000","266,579",normal
904,7/3/2023,"24,240","$969,116,852,994","$18,275,380,000","265,091",normal
905,7/2/2023,"24,189","$963,966,016,743","$18,361,320,000","265,366",normal
906,7/1/2023,"24,238","$960,647,781,352","$18,509,395,000","266,050",normal
907,6/30/2023,"24,239","$965,891,647,211","$18,616,570,000","266,184",normal
908,6/29/2023,"24,424","$976,283,943,068","$18,660,125,000","267,357",recession
909,6/28/2023,"24,453","$967,757,439,142","$18,611,185,000","267,652",recession
910,6/27/2023,"24,568","$954,583,316,733","$18,573,170,000","268,047",recession
911,6/26/2023,"24,370","$937,788,680,604","$18,535,810,000","265,631",recession
912,6/25/2023,"24,360","$947,650,557,946","$18,503,705,000","266,795",recession
913,6/24/2023,"24,284","$954,691,169,853","$18,494,810,000","267,018",recession
914,6/23/2023,"24,322","$956,305,522,761","$18,540,415,000","267,748",recession
915,6/22/2023,"24,489","$954,699,542,925","$18,558,910,000","268,682",recession
916,6/21/2023,"24,565","$951,952,197,339","$18,555,660,000","268,864",recession
917,6/20/2023,"24,684","$952,543,964,849","$18,636,805,000","269,337",recession
918,6/19/2023,"24,411","$950,660,405,997","$18,551,080,000","266,795",recession
919,6/18/2023,"24,483","$947,014,545,646","$18,502,665,000","268,031",recession
920,6/17/2023,"24,478","$946,689,502,311","$18,568,980,000","268,742",recession
921,6/16/2023,"24,585","$944,379,617,004","$18,474,260,000","269,607",recession
922,6/15/2023,"24,694","$949,474,921,090","$18,444,470,000","270,205",recession
923,6/14/2023,"24,792","$953,087,704,309","$18,459,135,000","271,605",recession
924,6/13/2023,"24,882","$952,493,212,110","$18,485,470,000","271,678",recession
925,6/12/2023,"24,723","$943,653,900,619","$18,306,140,000","269,057",recession
926,6/11/2023,"24,998","$950,200,935,026","$18,436,740,000","272,072",recession
927,6/10/2023,"25,764","$963,054,661,230","$18,603,160,000","277,964",recession
928,6/9/2023,"26,107","$973,484,356,911","$18,641,915,000","281,349",recession
929,6/8/2023,"25,579","$962,104,336,731","$18,592,835,000","277,836",recession
930,6/7/2023,"25,162","$957,509,495,062","$18,507,975,000","273,367",recession
931,6/6/2023,"25,233","$957,303,722,144","$18,663,165,000","273,765",recession
932,6/5/2023,"25,015","$937,530,320,084","$18,608,160,000","271,065",recession
933,6/4/2023,"25,123","$951,792,178,003","$18,586,925,000","272,564",recession
934,6/3/2023,"25,107","$960,617,077,832","$18,507,770,000","273,721",recession
935,6/2/2023,"25,333","$960,672,721,551","$18,570,620,000","275,547",recession
936,6/1/2023,"25,222","$957,155,940,614","$18,626,575,000","274,192",normal
937,5/31/2023,"25,158","$954,356,315,812","$18,611,700,000","273,344",normal
938,5/30/2023,"25,420","$956,039,599,571","$18,562,680,000","274,383",normal
939,5/29/2023,"25,106","$940,677,071,583","$18,501,360,000","271,596",normal
940,5/28/2023,"25,318","$944,824,145,171","$18,518,665,000","274,235",normal
941,5/27/2023,"25,404","$943,529,801,065","$18,452,405,000","275,103",normal
942,5/26/2023,"25,628","$935,855,886,557","$18,324,635,000","276,763",normal
943,5/25/2023,"25,758","$949,502,588,260","$18,091,950,000","277,853",recession
944,5/24/2023,"25,756","$949,837,221,039","$17,769,340,000","277,917",recession
945,5/23/2023,"25,764","$936,165,471,587","$17,639,650,000","277,632",recession
946,5/22/2023,"25,398","$941,366,635,354","$17,321,905,000","273,963",recession
947,5/21/2023,"25,520","$948,286,477,848","$17,095,365,000","275,578",recession
948,5/20/2023,"25,581","$951,037,342,202","$16,855,050,000","276,872",recession
949,5/19/2023,"25,574","$946,221,694,849","$16,585,255,000","277,185",recession
950,5/18/2023,"25,642","$957,038,381,733","$16,253,090,000","277,750",recession
951,5/17/2023,"25,801","$954,115,180,648","$16,030,625,000","278,581",recession
952,5/16/2023,"25,867","$955,768,235,295","$15,854,470,000","278,982",recession
953,5/15/2023,"25,338","$951,752,197,360","$15,537,835,000","274,547",recession
954,5/14/2023,"25,621","$959,279,419,131","$15,372,185,000","278,055",recession
955,5/13/2023,"25,923","$969,956,638,460","$14,995,665,000","280,047",recession
956,5/12/2023,"26,079","$975,077,344,059","$14,713,505,000","280,872",recession
957,5/11/2023,"26,249","$973,584,457,477","$14,688,370,000","282,757",normal
958,5/10/2023,"26,391","$970,163,600,314","$14,735,685,000","283,641",normal
959,5/9/2023,"26,323","$962,818,298,494","$14,663,325,000","281,718",normal
960,5/8/2023,"25,953","$962,017,980,505","$14,526,005,000","278,554",normal
961,5/7/2023,"26,225","$967,098,670,502","$14,522,400,000","281,598",normal
962,5/6/2023,"26,356","$970,328,050,576",$NaN,NaN,normal
963,5/5/2023,"26,415","$970,596,180,111","$14,619,410,000","283,453",normal
964,5/4/2023,"26,367","$969,503,801,577","$14,570,570,000","282,671",boom
965,5/3/2023,"26,728","$966,668,949,681","$14,604,220,000","284,222",boom
966,5/2/2023,"27,071","$966,051,949,518","$14,711,155,000","285,736",boom
967,5/1/2023,"26,340","$962,659,633,224","$14,650,460,000","280,892",boom
968,4/29/2023,"26,751","$974,160,735,786","$15,045,840,000","285,996",boom
969,4/28/2023,"26,861","$974,915,665,582","$15,059,005,000","286,395",boom
970,4/27/2023,"26,958","$967,208,842,271","$15,215,385,000","286,941",boom
971,4/26/2023,"26,985","$964,686,538,711","$15,331,065,000","287,550",boom
972,4/25/2023,"27,051","$967,013,628,408","$15,268,725,000","287,093",boom
973,4/24/2023,"26,580","$959,435,492,268","$15,338,120,000","282,300",boom
974,4/23/2023,"26,756","$957,532,834,151","$15,465,620,000","284,598",boom
975,4/22/2023,"26,931","$960,736,423,845","$15,573,925,000","286,288",boom
976,4/21/2023,"27,031","$958,643,563,953","$15,686,615,000","287,394",boom
977,4/20/2023,"27,095","$957,704,946,134","$15,876,825,000","288,678",boom
978,4/19/2023,"27,169","$956,441,688,767","$15,984,785,000","288,821",boom
979,4/18/2023,"27,149","$949,734,733,814","$16,021,945,000","287,775",boom
980,4/17/2023,"26,705","$948,415,855,436","$15,924,825,000","283,855",boom
981,4/16/2023,"27,004","$953,530,129,295","$16,044,730,000","286,351",boom
982,4/15/2023,"27,082","$954,800,061,994","$16,113,075,000","287,104",boom
983,4/14/2023,"27,166","$953,698,298,691","$16,131,610,000","288,143",boom
984,4/13/2023,"27,283","$949,857,770,343","$15,994,645,000","288,714",normal
985,4/12/2023,"27,344","$949,507,631,412","$16,114,380,000","288,625",normal
986,4/10/2023,"27,115","$943,153,294,470","$16,067,580,000","285,145",normal
987,4/8/2023,"27,289","$941,866,744,095","$16,191,395,000","286,900",normal
988,4/7/2023,"27,271","$940,651,051,943","$16,210,330,000","287,270",normal
989,4/6/2023,"27,448","$948,161,898,984","$16,222,425,000","288,857",normal
990,4/5/2023,"27,510","$944,339,287,651","$16,344,130,000","289,066",normal
991,4/4/2023,"27,680","$944,525,302,426","$16,468,870,000","289,755",normal
992,4/3/2023,"27,357","$945,704,518,405","$16,323,790,000","286,238",normal
993,4/2/2023,"27,490","$948,475,167,570","$16,504,065,000","288,132",normal
994,4/1/2023,"27,832","$952,344,100,018","$16,642,085,000","290,227",normal
995,3/31/2023,"28,268","$954,920,396,431","$16,833,135,000","291,542",normal
996,3/30/2023,"28,393","$942,290,245,820","$16,845,505,000","291,344",normal
997,3/29/2023,"28,683","$942,079,660,408","$17,146,580,000","293,379",normal
998,3/28/2023,"28,937","$943,844,538,963","$17,192,440,000","293,394",normal
999,3/27/2023,"28,304","$934,414,321,649","$17,098,815,000","288,875",normal
1000,3/26/2023,"28,321","$931,076,381,101","$17,372,490,000","290,683",normal
1001,3/25/2023,"28,469","$931,068,305,639","$17,592,390,000","292,216",normal
1002,3/24/2023,"28,220","$934,193,770,667","$17,867,220,000","291,392",normal
1003,3/23/2023,"28,069","$932,266,155,649","$18,024,540,000","291,323",normal
1004,3/22/2023,"28,483","$929,164,622,104","$18,172,270,000","292,688",normal
1005,3/21/2023,"28,681","$927,355,182,288","$18,368,825,000","293,491",normal
1006,3/20/2023,"27,896","$921,271,866,875","$18,293,315,000","288,402",normal
1007,3/19/2023,"27,982","$928,502,644,971","$18,612,390,000","289,981",normal
1008,3/18/2023,"28,310","$931,152,896,924","$18,757,895,000","300,997",normal
1009,3/17/2023,"28,398","$930,771,357,067","$18,803,145,000","307,816",normal
1010,3/16/2023,"28,665","$925,583,216,999","$18,958,800,000","292,982",normal
1011,3/15/2023,"28,720","$934,800,814,009","$19,125,920,000","293,615",normal
1012,3/14/2023,"29,384","$933,190,386,499","$19,216,565,000","297,900",normal
1013,3/13/2023,"28,071","$922,658,360,422","$19,061,830,000","289,260",normal
1014,3/12/2023,"28,148","$929,394,094,627","$19,169,245,000","292,052",normal
1015,3/11/2023,"28,298","$924,448,833,792","$19,112,900,000","292,829",normal
1016,3/10/2023,"28,035","$915,650,097,538","$18,756,750,000","291,839",normal
1017,3/9/2023,"27,969","$917,735,914,979","$18,531,835,000","292,120",recession
1018,3/8/2023,"27,895","$922,045,582,945","$18,362,910,000","292,074",recession
1019,3/7/2023,"28,149","$926,211,133,677","$18,383,410,000","293,402",recession
1020,3/6/2023,"28,054","$932,778,594,776",$NaN,NaN,recession
1021,3/5/2023,"28,994","$940,844,171,939","$18,094,690,000","300,417",recession
1022,3/4/2023,"28,970","$939,807,543,096","$17,699,915,000","301,226",recession
1023,3/3/2023,"28,730","$941,766,772,300","$17,256,820,000","300,623",recession
1024,3/2/2023,"28,837","$944,928,831,922","$16,945,545,000","301,770",recession
1025,3/1/2023,"29,165","$946,081,305,768","$16,647,080,000","302,393",recession
1026,2/28/2023,"29,682","$950,076,751,793","$16,365,880,000","303,474",recession
1027,2/27/2023,"29,327","$945,891,983,959","$16,103,130,000","299,918",recession
1028,2/26/2023,"29,050","$953,276,601,984","$15,862,280,000","300,511",recession
1029,2/25/2023,"29,065","$953,794,606,916","$15,634,400,000","300,707",recession
1030,2/24/2023,"29,356","$950,595,845,987","$15,336,245,000","300,905",recession
1031,2/23/2023,"29,426","$949,524,852,485","$15,302,855,000","301,671",normal
1032,2/22/2023,"29,064","$947,666,913,240","$15,314,655,000","301,438",normal
1033,2/21/2023,"28,792","$949,425,096,291","$15,363,620,000","300,205",normal
1034,2/20/2023,"28,707","$943,166,421,455","$15,294,390,000","298,375",normal
1035,2/19/2023,"28,910","$946,656,769,178","$15,291,005,000","300,331",normal
1036,2/18/2023,"28,882","$949,993,074,207","$15,337,290,000","301,184",normal
1037,2/17/2023,"28,987","$950,223,794,091","$15,387,570,000","301,330",normal
1038,2/16/2023,"28,982","$948,764,966,396","$15,476,395,000","301,292",boom
1039,2/15/2023,"29,207","$948,534,217,544","$15,584,610,000","302,005",boom
1040,2/14/2023,"29,367","$944,249,906,383","$15,700,500,000","302,884",boom
1041,2/13/2023,"28,661","$939,370,639,676","$15,511,790,000","298,520",boom
1042,2/12/2023,"28,612","$938,503,683,290","$15,559,395,000","300,147",boom
1043,2/11/2023,"28,661","$943,461,028,160","$15,698,270,000","300,963",boom
1044,2/10/2023,"28,719","$941,360,674,813","$15,782,155,000","301,334",boom
1045,2/9/2023,"28,832","$939,022,023,640","$15,801,865,000","301,240",boom
1046,2/8/2023,"28,816","$941,750,928,165","$15,927,660,000","300,994",boom
1047,2/7/2023,"28,747","$941,303,166,974","$15,983,915,000","301,519",boom
1048,2/6/2023,"28,404","$933,530,777,674","$15,936,320,000","298,421",boom
1049,2/5/2023,"28,648","$934,848,872,145","$16,083,270,000","300,922",boom
1050,2/4/2023,"28,818","$941,863,947,602","$16,229,765,000","302,658",boom
1051,2/3/2023,"28,608","$943,331,412,605","$16,261,285,000","302,549",boom
1052,2/2/2023,"28,503","$946,860,867,480","$16,225,055,000","302,570",boom
1053,2/1/2023,"28,530","$941,662,928,976","$16,324,740,000","302,888",boom
1054,1/31/2023,"28,587","$939,797,371,315","$16,295,105,000","302,610",boom
1055,1/30/2023,"28,085","$932,558,636,549","$16,166,465,000","298,571",boom
1056,1/29/2023,"28,207","$933,320,312,585","$16,308,250,000","300,695",boom
1057,1/28/2023,"28,360","$928,444,717,070","$16,130,705,000","300,716",boom
1058,1/27/2023,"28,342","$924,278,924,164","$16,032,930,000","300,849",boom
1059,1/26/2023,"28,214","$928,562,229,802","$16,017,025,000","300,761",normal
1060,1/25/2023,"28,339","$929,006,586,796","$15,967,915,000","301,642",normal
1061,1/24/2023,"28,393","$925,741,243,137","$15,899,915,000","302,066",normal
1062,1/23/2023,"27,812","$920,276,399,581","$15,757,500,000","297,739",normal
1063,1/22/2023,"27,855","$924,854,127,239","$15,707,360,000","299,264",normal
1064,1/21/2023,"27,769","$925,734,027,850","$15,601,530,000","299,739",normal
1065,1/20/2023,"27,991","$926,664,510,732","$15,657,160,000","300,635",normal
1066,1/19/2023,"28,033","$926,580,220,978","$15,648,755,000","300,585",normal
1067,1/18/2023,"27,856","$930,335,905,284","$15,590,285,000","299,693",normal
1068,1/17/2023,"27,777","$931,199,484,559","$15,593,805,000","299,268",normal
1069,1/16/2023,"27,733","$926,109,210,486","$15,641,220,000","298,500",normal
1070,1/15/2023,"27,943","$926,173,612,157","$15,675,995,000","300,776",normal
1071,1/14/2023,"27,873","$926,469,014,821","$15,615,990,000","300,981",normal
1072,1/13/2023,"27,838","$930,116,583,239","$15,635,880,000","300,999",normal
1073,1/12/2023,"27,894","$930,208,555,862","$15,755,385,000","301,482",normal
1074,1/11/2023,"27,920","$928,327,486,740","$15,755,815,000","301,700",normal
1075,1/10/2023,"27,949","$926,145,524,679","$15,774,605,000","300,932",normal
1076,1/9/2023,"27,659","$919,122,698,532","$15,767,655,000","298,670",normal
1077,1/8/2023,"27,749","$925,496,898,518","$15,799,150,000","300,382",normal
1078,1/7/2023,"27,585","$925,373,020,578","$15,786,455,000","299,846",normal
1079,1/6/2023,"27,604","$920,879,070,529","$15,896,785,000","300,889",normal
1080,1/5/2023,"27,712","$921,299,011,153","$15,893,350,000","302,017",boom
1081,1/4/2023,"27,805","$919,883,918,142","$16,113,505,000","302,052",boom
1082,1/3/2023,"27,603","$917,163,751,755","$16,030,065,000","300,213",boom
1083,1/2/2023,"27,152","$906,748,870,175","$15,883,550,000","296,894",boom
1084,1/1/2023,"27,314","$914,558,536,689","$15,919,800,000","299,419",boom
1085,12/31/2022,"27,560","$920,241,120,632","$15,909,420,000","301,369",boom
1086,12/30/2022,"27,603","$916,998,008,089","$15,852,710,000","301,479",boom
1087,12/29/2022,"27,673","$919,345,831,286","$15,814,630,000","301,671",normal
1088,12/28/2022,"27,699","$919,928,968,252","$15,687,640,000","301,661",normal
1089,12/27/2022,"27,734","$914,246,439,097","$15,728,755,000","301,186",normal
1090,12/26/2022,"27,339","$897,924,678,541","$15,703,800,000","298,186",normal
1091,12/25/2022,"27,225","$896,554,206,775","$15,786,875,000","299,258",normal
1092,12/24/2022,"27,386","$907,409,593,330","$15,840,470,000","301,417",normal
1093,12/23/2022,"27,577","$908,872,391,583","$15,888,625,000","302,682",normal
1094,12/22/2022,"27,647","$908,332,279,044","$15,989,685,000","303,594",normal
1095,12/21/2022,"27,699","$903,948,363,419","$15,985,145,000","304,157",normal
1096,12/20/2022,"27,681","$903,325,248,981","$15,944,240,000","303,154",normal
1097,12/19/2022,"27,552","$901,371,767,493","$16,025,965,000","301,825",normal
1098,12/18/2022,"27,731","$907,525,890,155","$16,136,830,000","303,941",normal
1099,12/17/2022,"27,862","$902,042,904,364","$16,260,695,000","305,854",normal
1100,12/16/2022,"27,872","$903,068,398,895","$16,411,935,000","306,205",normal
1101,12/15/2022,"28,079","$895,635,483,326","$16,350,915,000","307,382",normal
1102,12/14/2022,"28,245","$893,912,268,435","$16,627,465,000","308,655",normal
1103,12/13/2022,"28,461","$897,362,872,107","$16,747,005,000","309,615",normal
1104,12/12/2022,"27,962","$895,350,753,881","$16,672,695,000","305,290",normal
1105,12/11/2022,"28,108","$892,712,363,019","$16,696,545,000","307,230",normal
1106,12/10/2022,"28,382","$896,122,010,916","$16,677,000,000","309,985",normal
1107,12/9/2022,"28,866","$896,384,514,586","$16,950,255,000","313,392",normal
1108,12/8/2022,"28,500","$892,215,917,775","$16,926,080,000","311,026",normal
1109,12/7/2022,"28,648","$889,559,192,781","$17,053,870,000","312,107",normal
1110,12/6/2022,"28,811","$891,343,761,305","$16,995,990,000","312,659",normal
1111,12/5/2022,"28,498","$889,651,213,072","$16,981,690,000","309,834",normal
1112,12/4/2022,"28,657","$887,619,211,481","$17,198,040,000","311,782",normal
1113,12/3/2022,"28,730","$887,089,525,999","$17,292,400,000","312,809",normal
1114,12/2/2022,"28,830","$893,145,618,462","$17,428,580,000","314,274",normal
1115,12/1/2022,"28,771","$889,105,958,139","$17,508,895,000","314,148",normal
1116,11/30/2022,"28,860","$882,183,021,640","$17,827,785,000","314,009",normal
1117,11/29/2022,"29,010","$880,647,883,681","$17,913,810,000","314,254",normal
1118,11/28/2022,"28,619","$874,857,281,542","$17,918,750,000","310,993",normal
1119,11/27/2022,"28,435","$871,892,815,980","$18,017,905,000","310,755",normal
1120,11/26/2022,"28,406","$871,390,323,812","$18,191,235,000","311,284",normal
1121,11/25/2022,"28,581","$873,982,175,954","$18,458,285,000","313,314",normal
1122,11/24/2022,"28,756","$867,357,040,110","$18,482,315,000","314,353",normal
1123,11/23/2022,"28,879","$864,671,224,658","$18,579,265,000","314,941",normal
1124,11/22/2022,"29,130","$867,681,358,803","$18,879,565,000","316,256",normal
1125,11/21/2022,"28,810","$860,743,779,750","$19,071,285,000","313,734",normal
1126,11/20/2022,"29,021","$862,930,715,044","$19,283,810,000","316,649",normal
1127,11/19/2022,"29,089","$861,442,638,861","$19,352,225,000","317,682",normal
1128,11/18/2022,"29,276","$865,414,760,430","$19,504,940,000","318,842",normal
1129,11/17/2022,"29,364","$861,726,466,842","$19,523,830,000","319,018",recession
1130,11/16/2022,"29,216","$862,811,337,556","$19,656,660,000","318,738",recession
1131,11/15/2022,"29,136","$863,495,436,421","$19,590,145,000","318,902",recession
1132,11/14/2022,"28,588","$859,605,377,044","$19,601,140,000","315,423",recession
1133,11/13/2022,"28,749","$857,549,286,306","$19,602,685,000","316,831",recession
1134,11/12/2022,"28,916","$863,070,562,643","$19,500,565,000","318,646",recession
1135,11/11/2022,"28,892","$861,589,928,750","$19,431,215,000","318,847",recession
1136,11/10/2022,"29,080","$861,829,618,204","$19,492,430,000","319,970",normal
1137,11/9/2022,"29,148","$859,742,738,342","$19,501,755,000","320,213",normal
1138,11/8/2022,"29,242","$857,111,859,137","$19,707,280,000","320,877",normal
1139,11/7/2022,"28,897","$851,164,651,138","$19,672,400,000","317,745",normal
1140,11/6/2022,"29,205","$851,130,996,672","$19,699,315,000","320,408",normal
1141,11/5/2022,"29,559","$854,658,179,326","$19,695,200,000","322,337",normal
1142,11/4/2022,"29,909","$853,182,049,686","$19,545,300,000","323,264",normal
1143,11/3/2022,"30,220","$857,938,128,728","$19,420,860,000","325,161",recession
1144,11/2/2022,"30,240","$851,929,765,994","$19,331,995,000","325,194",recession
1145,11/1/2022,"30,246","$848,168,340,960","$19,117,645,000","325,086",recession
1146,10/31/2022,"30,001","$849,039,508,327","$18,898,435,000","322,529",recession
1147,10/30/2022,"30,296","$851,234,790,257","$18,869,245,000","325,492",recession
1148,10/29/2022,"30,421","$849,158,623,427","$18,667,340,000","326,998",recession
1149,10/28/2022,"30,501","$856,221,567,179","$18,478,605,000","327,330",recession
1150,10/27/2022,"30,672","$856,824,232,453","$18,311,370,000","328,605",recession
1151,10/26/2022,"30,891","$857,542,200,358","$18,077,400,000","330,619",recession
1152,10/25/2022,"30,991","$853,516,766,779","$17,800,700,000","330,332",recession
1153,10/24/2022,"30,604","$844,876,428,561","$17,389,885,000","326,796",recession
1154,10/23/2022,"30,834","$853,315,551,722","$17,257,080,000","329,432",recession
1155,10/22/2022,"30,733","$855,020,014,022","$17,026,790,000","328,932",recession
1156,10/21/2022,"30,587","$840,502,570,921","$16,682,895,000","328,176",recession
1157,10/20/2022,"30,804","$839,359,667,825","$16,583,780,000","329,268",normal
1158,10/19/2022,"30,840","$835,919,293,553","$16,604,530,000","329,633",normal
1159,10/18/2022,"31,032","$843,952,323,436","$16,641,615,000","330,431",normal
1160,10/17/2022,"30,644","$837,662,618,847","$16,562,180,000","326,709",normal
1161,10/16/2022,"30,858","$842,745,394,627","$16,649,700,000","329,481",normal
1162,10/15/2022,"31,156","$842,387,894,693","$16,810,025,000","331,502",normal
1163,10/14/2022,"33,645","$866,710,020,102","$17,361,520,000","348,863",normal
1164,10/13/2022,"33,644","$865,215,188,564","$17,401,750,000","349,137",normal
1165,10/12/2022,"33,366","$862,895,446,238","$17,450,365,000","347,426",normal
1166,10/11/2022,"33,132","$855,748,105,663","$17,450,545,000","345,347",normal
1167,10/10/2022,"33,178","$854,497,854,297","$17,472,950,000","346,187",normal
1168,10/9/2022,"33,284","$862,051,799,394","$17,624,155,000","347,588",normal
1169,10/8/2022,"33,547","$865,008,775,052","$17,799,250,000","349,893",normal
1170,10/7/2022,"33,941","$866,717,267,155","$17,941,420,000","353,031",normal
1171,10/6/2022,"33,934","$866,623,780,360","$18,085,495,000","353,309",boom
1172,10/5/2022,"34,149","$863,448,723,532","$18,269,260,000","354,221",boom
1173,10/4/2022,"33,991","$860,194,195,791","$18,384,205,000","353,317",boom
1174,10/3/2022,"34,083","$854,860,718,527","$18,579,645,000","354,319",boom
1175,10/2/2022,"34,070","$856,159,017,551","$18,696,095,000","354,739",boom
1176,10/1/2022,"34,083","$849,980,474,501","$18,579,535,000","354,799",boom
1177,9/30/2022,"34,226","$852,169,356,376","$18,513,245,000","355,112",boom
1178,9/29/2022,"34,356","$849,135,230,927","$18,584,885,000","356,270",normal
1179,9/28/2022,"34,600","$850,092,535,980","$18,710,830,000","357,428",normal
1180,9/27/2022,"34,429","$848,100,017,411","$18,661,895,000","356,064",normal
1181,9/26/2022,"34,410","$845,570,359,342","$18,567,930,000","355,451",normal
1182,9/25/2022,"34,423","$841,180,378,292","$18,614,260,000","355,883",normal
1183,9/24/2022,"34,469","$843,676,946,013","$18,505,340,000","355,847",normal
1184,9/23/2022,"34,537","$841,359,292,189","$18,410,810,000","355,706",normal