buildings,quantity,proportion
Power plant,"30,306",10.55%
Xmas market,"22,129",7.71%
Farm,"21,934",7.64%
Mine,"16,453",5.73%
Electronics factory,"15,514",5.40%
Factory,"14,490",5.05%
Grocery store,"14,320",4.99%
Oil rig,"13,291",4.63%
Fashion store,"11,377",3.96%
Water reservoir,"10,728",3.74%
Refinery,"9,068",3.16%
Hardware store,"8,333",2.90%
Electronics store,"7,744",2.70%
Food processing plant,"5,412",1.88%
Ranch,"5,194",1.81%
Quarry,"4,809",1.67%
Academy,"4,575",1.59%
Physics laboratory,"4,569",1.59%
Beverage factory,"4,416",1.54%
Car dealership,"4,091",1.42%
Forest nursery,"3,723",1.30%
Fashion factory,"3,650",1.27%
Construction factory,"3,611",1.26%
Concrete plant,"3,580",1.25%
Mill,"3,574",1.24%
Propulsion factory,"3,253",1.13%
Gas station,"3,192",1.11%
Sales offices,"3,117",1.09%
General contractor,"3,017",1.05%
Shipping depot,"2,709",0.94%
Catering,"2,001",0.70%
Car factory,"1,762",0.61%
Aerospace factory,"1,746",0.61%
Slaughterhouse,"1,735",0.60%
Aerospace electronics,"1,578",0.55%
Chemistry laboratory,"1,578",0.55%
Restaurant,"1,511",0.53%
Lake,"1,432",0.50%
Bank,"1,402",0.49%
Kitchen,"1,372",0.48%
Bakery,"1,365",0.48%
Plant research center,"1,226",0.43%
Park,"1,197",0.42%
Castle,"1,155",0.40%
Hangar,933,0.32%
Software R&D,686,0.24%
Fashion & Design,578,0.20%
Vertical integration facility,480,0.17%
Breeding laboratory,400,0.14%
Halloween market,372,0.13%
Automotive R&D,262,0.09%
Launch pad,120,0.04%
Beach market,63,0.02%