ResourceId,Name,Market Price,Retail Price,Revenue,Sales Per Hour,Projected Revenue Per Hour,Priority,Dependent Retail Building,Notes
1,Power,0.27,N/A,0.00,N/A,N/A,Low,Power Plant,Needed for manufacturing processes.
2,Water,0.37,N/A,0.00,N/A,N/A,Low,Water Reservoir,Needed for most farming and organic production.
6,Grain,0.71,N/A,0.00,N/A,N/A,,,
10,Crude oil,30.50,N/A,0.00,N/A,N/A,,,
13,Transport,0.39,N/A,0.00,N/A,N/A,High,Shipping Depot,Required for exchange trades of commodities
14,Minerals,12.90,N/A,0.00,N/A,N/A,,,
15,Bauxite,11.10,N/A,0.00,N/A,N/A,,,
16,Silicon,8.00,N/A,0.00,N/A,N/A,,,
17,Chemicals,16.10,N/A,0.00,N/A,N/A,,,
18,Aluminium,21.25,N/A,0.00,N/A,N/A,,,
19,Plastic,12.50,N/A,0.00,N/A,N/A,,,
20,Processors,135.00,N/A,0.00,N/A,N/A,,,
21,Electronic components,56.00,N/A,0.00,N/A,N/A,,,
22,Batteries,92.00,N/A,0.00,N/A,N/A,,,
23,Displays,126.00,N/A,0.00,N/A,N/A,,,
29,Plant research,119.00,N/A,0.00,N/A,N/A,,,
30,Energy research,210.00,N/A,0.00,N/A,N/A,Low,Physics Laboratory,Improves quality of power based commodities
31,Mining research,230.00,N/A,0.00,N/A,N/A,Low,Physics Laboratory,Improves  quality of mined resources
32,Electronics research,286.00,N/A,0.00,N/A,N/A,Low,Physics Laboratory,Improves quality of electronic components
33,Breeding research,153.00,N/A,0.00,N/A,N/A,,,
34,Chemistry research,118.00,N/A,0.00,N/A,N/A,,,
35,Software,110.00,N/A,0.00,N/A,N/A,High,Software R&D,"improves quality of Smart phones, Tablets, Laptops, Monitors, Televisions, On-board computer, Flight computer, Robots"
40,Cotton,1.64,N/A,0.00,N/A,N/A,,,
41,Fabric,4.85,N/A,0.00,N/A,N/A,,,
42,Iron ore,6.50,N/A,0.00,N/A,N/A,,,
43,Steel,13.10,N/A,0.00,N/A,N/A,,,
44,Sand,1.28,N/A,0.00,N/A,N/A,,,
45,Glass,13.90,N/A,0.00,N/A,N/A,,,
46,Leather,28.00,N/A,0.00,N/A,N/A,,,
47,On-board computer,486.00,N/A,0.00,N/A,N/A,,,
48,Electric motor,240.00,N/A,0.00,N/A,N/A,,,
49,Luxury car interior,1000.00,N/A,0.00,N/A,N/A,,,
50,Basic interior,332.00,N/A,0.00,N/A,N/A,,,
51,Car body,815.00,N/A,0.00,N/A,N/A,,,
52,Combustion engine,660.00,N/A,0.00,N/A,N/A,,,
58,Automotive research,140.00,N/A,0.00,N/A,N/A,,,
59,Fashion research,74.50,N/A,0.00,N/A,N/A,,,
66,Seeds,0.29,N/A,0.00,N/A,N/A,Low,Farm,Needed for Farming
68,Gold ore,32.75,N/A,0.00,N/A,N/A,Low,Mine,Needed for golden bars
69,Golden bars,6625.00,N/A,0.00,N/A,N/A,Medium,Factory,"Needed for Luxury watch, Necklace, High grade e-comps, Luxury jet"
72,Sugarcane,1.73,N/A,0.00,N/A,N/A,,,
73,Ethanol,27.25,N/A,0.00,N/A,N/A,,,
74,Methane,24.75,N/A,0.00,N/A,N/A,,,
75,Carbon fibers,6.50,N/A,0.00,N/A,N/A,,,
76,Carbon composite,65.00,N/A,0.00,N/A,N/A,,,
77,Fuselage,2790.00,N/A,0.00,N/A,N/A,,,
78,Wing,2090.00,N/A,0.00,N/A,N/A,,,
79,High grade e-comps,880.00,N/A,0.00,N/A,N/A,,,
80,Flight computer,5200.00,N/A,0.00,N/A,N/A,,,
81,Cockpit,5500.00,N/A,0.00,N/A,N/A,,,
82,Attitude control,1750.00,N/A,0.00,N/A,N/A,,,
83,Rocket fuel,34.75,N/A,0.00,N/A,N/A,,,
84,Propellant tank,9950.00,N/A,0.00,N/A,N/A,,,
85,Solid fuel booster,7700.00,N/A,0.00,N/A,N/A,,,
86,Rocket engine,11200.00,N/A,0.00,N/A,N/A,,,
87,Heat shield,555.00,N/A,0.00,N/A,N/A,,,
88,Ion drive,12200.00,N/A,0.00,N/A,N/A,,,
89,Jet engine,4980.00,N/A,0.00,N/A,N/A,,,
90,Sub-orbital 2nd stage,N/A,N/A,0.00,N/A,N/A,,,
92,Orbital booster,N/A,N/A,0.00,N/A,N/A,,,
93,Starship,N/A,N/A,0.00,N/A,N/A,,,
100,Aerospace research,128.00,N/A,0.00,N/A,N/A,,,
101,Reinforced concrete,204.00,N/A,0.00,N/A,N/A,Low,Concrete Plant,Required for most building construction and upgrades
104,Clay,0.92,N/A,0.00,N/A,N/A,,,
105,Limestone,1.62,N/A,0.00,N/A,N/A,,,
106,Wood,4.50,N/A,0.00,N/A,N/A,,,
107,Steel beams,20.25,N/A,0.00,N/A,N/A,,,
111,Construction units,2740.00,N/A,0.00,N/A,N/A,Low,General Contractor,Required for most building construction and upgrades
112,Bulldozer,2370.00,N/A,0.00,N/A,N/A,,,
113,Materials research,169.00,N/A,0.00,N/A,N/A,,,
114,Robots,910.00,N/A,0.00,N/A,N/A,,,
115,Cows,138.00,N/A,0.00,N/A,N/A,,,
116,Pigs,45.00,N/A,0.00,N/A,N/A,,,
118,Coffee beans,0.90,N/A,0.00,N/A,N/A,,,
120,Vegetables,2.70,N/A,0.00,N/A,N/A,,,
128,Pasta,64.00,N/A,0.00,N/A,N/A,,,
133,Flour,14.80,N/A,0.00,N/A,N/A,,,
135,Sugar,19.90,N/A,0.00,N/A,N/A,,,
136,Cocoa,1.50,N/A,0.00,N/A,N/A,,,
137,Dough,123.00,N/A,0.00,N/A,N/A,,,
138,Sauce,1400.00,N/A,0.00,N/A,N/A,,,
139,Fodder,11.10,N/A,0.00,N/A,N/A,,,
141,Vegetable oil,32.50,N/A,0.00,N/A,N/A,,,
145,Recipes,170.00,N/A,0.00,N/A,N/A,,,
53,Economy e-car,3470.00,4102.36,632.36,2.00,1264.72,,Car Dealership,
11,Petrol,42.75,53.93,11.18,103.00,1151.05,,Gas Station,
54,Luxury e-car,6625.00,8911.25,2286.25,0.50,1143.13,,Car Dealership,
12,Diesel,42.00,52.84,10.84,105.00,1137.79,,Gas Station,
67,Xmas crackers,11.60,14.41,2.81,400.00,1124.91,,Xmas Market,
71,Necklace,1600.00,2154.19,554.19,2.00,1108.38,,Fashion Store,
57,Truck,5850.00,6928.09,1078.09,1.00,1078.09,,Car Dealership,
56,Luxury car,4600.00,6743.87,2143.87,0.50,1071.93,,Car Dealership,
55,Economy car,2380.00,2905.62,525.62,2.00,1051.24,,Car Dealership,
144,Xmas ornament,14.40,28.63,14.23,70.00,996.10,,Xmas Market,
64,Handbags,49.25,98.65,49.40,20.00,988.04,,Fashion Store,
63,Stiletto Heel,36.75,69.23,32.48,30.00,974.49,,Fashion Store,
62,Dress,24.00,45.11,21.11,45.00,949.78,,Fashion Store,
70,Luxury watch,825.00,1140.02,315.02,3.00,945.07,,Fashion Store,
65,Sneakers,14.00,42.52,28.52,30.00,855.62,,Fashion Store,
61,Gloves,19.20,61.83,42.63,20.00,852.53,,Fashion Store,
122,Cheese,127.00,153.14,26.14,30.00,784.18,,"Grocery Store, Restaurant",
119,Coffee powder,32.50,40.33,7.83,100.00,783.25,,"Grocery Store, Restaurant",
60,Underwear,7.70,37.78,30.08,25.00,752.06,,Fashion Store,
147,Jack o'lantern,42.75,61.49,18.74,40.00,749.51,,Halloween Market,
127,Frozen pizza,460.00,532.92,72.92,10.00,729.24,,Grocery Store,
140,Chocolate,256.00,301.88,45.88,15.00,688.13,,Grocery Store,
26,Laptops,1240.00,1770.52,530.52,1.20,636.63,,Electronics Store,
123,Apple pie,302.00,365.11,63.11,10.00,631.11,,"Grocery Store, Restaurant",
27,Monitors,580.00,876.69,296.69,2.00,593.37,,Electronics Store,
25,Tablets,795.00,1524.90,729.90,0.80,583.92,,Electronics Store,
24,Smart phones,650.00,936.47,286.47,2.00,572.94,,Electronics Store,
98,Quadcopter,900.00,1470.59,570.59,1.00,570.59,,Electronics Store,
7,Steak,44.00,60.11,16.11,35.00,563.74,,Grocery Store,
102,Bricks,2.80,9.84,7.04,80.00,563.52,Medium,Hardware Store,Required for most building construction and upgrades
109,Windows,114.00,132.71,18.71,30.00,561.42,,Hardware Store,
28,Televisions,990.00,1301.36,311.36,1.80,560.45,,Electronics Store,
108,Planks,11.00,15.67,4.67,120.00,560.12,Medium,Hardware Store,Required for most building construction and upgrades
103,Cement,7.20,16.48,9.28,60.00,556.56,,Hardware Store,
146,Pumpkin,11.00,21.19,10.19,50.00,509.49,,Halloween Market,
8,Sausages,12.00,16.54,4.54,110.00,499.65,,Grocery Store,
148,Witch costume,34.75,76.33,41.58,12.00,498.97,,Halloween Market,
125,Apple cider,28.00,57.42,29.42,15.00,441.25,,"Grocery Store, Restaurant",
126,Ginger beer,56.50,100.17,43.67,10.00,436.72,,"Grocery Store, Restaurant",
9,Eggs,1.30,2.56,1.26,340.00,426.82,,Grocery Store,
5,Grapes,3.10,8.33,5.23,80.00,418.51,High,Grocery Store,
3,Apples,2.55,6.35,3.80,110.00,417.65,,Grocery Store,
4,Oranges,2.65,7.27,4.62,90.00,415.74,High,Grocery Store,
124,Orange juice,42.25,69.62,27.37,15.00,410.53,,"Grocery Store, Restaurant",
152,Ramadan sweets,238.00,246.20,8.20,40.00,327.85,,Grocery Store,
110,Tools,212.00,219.88,7.88,40.00,315.22,,Hardware Store,
91,Sub-orbital rocket,N/A,131915.41,0.00,1.00,0.00,,,
94,BFR,N/A,900244.28,0.00,1.00,0.00,,,
95,Jumbo jet,N/A,251248.10,0.00,1.00,0.00,,,
96,Luxury jet,N/A,96788.01,0.00,1.00,0.00,,,
97,Single engine plane,N/A,46376.12,0.00,1.00,0.00,,,
99,Satellite,N/A,68824.25,0.00,1.00,0.00,,,
121,Bread,159.00,0.00,-159.00,0.00,0.00,,Restaurant,
134,Butter,50.50,0.00,-50.50,0.00,0.00,,Restaurant,
132,Cocktails,2280.00,0.00,-2280.00,0.00,0.00,,Restaurant,
129,Hamburger,2320.00,0.00,-2320.00,0.00,0.00,,Restaurant,
130,Lasagna,2250.00,0.00,-2250.00,0.00,0.00,,Restaurant,
131,Meat balls,2410.00,0.00,-2410.00,0.00,0.00,,Restaurant,
117,Milk,7.70,0.00,-7.70,0.00,0.00,,Restaurant,
149,Pumpkin soup,795.00,900.00,105.00,0.00,0.00,,Restaurant,
142,Salad,850.00,0.00,-850.00,0.00,0.00,,Restaurant,
143,Samosa,650.00,0.00,-650.00,0.00,0.00,,Restaurant,
154,Apple icecream,110.00,98.65,-11.35,18.00,-204.26,,Beach Market,
150,Tree,500.00,353.78,-146.22,5.00,-731.11,,Xmas Market,
151,Easter Bunny,248.00,221.23,-26.77,30.00,-803.17,,Grocery Store,
153,Chocolate icecream,300.00,111.05,-188.95,22.00,-4156.97,,Beach Market,