Cassandra Capital Management,
Family business,
,
Info,
Ranking,#22008
Rating,B-
Government orders Tier,n/a
Established,12/23/2025
Country or region,🇺🇸 United States
Last seen,Today
Local time,9:57 PM
Previous name(s),
Search tags,None
,
Executives,Company does not employ any executives
,
Employees,
Workers,200
Management and admin,1
Administration overhead,0.59%
,
Bonus,
Production speed,0% +0%
Sales speed,1% +0%
,
Valuation,
(at 8:00 PM),
Company value,"$47,425"
Buildings value,"$17,250"
Patents value,$0
,
Liabilities,
(at 8:00 PM),No liabilities