,buildings,quantity,proportion
1,Power plant,"30,585",10.50%
2,Farm,"23,105",7.93%
3,Xmas market,"22,820",7.84%
4,Mine,"16,389",5.63%
5,Electronics factory,"15,397",5.29%
6,Grocery store,"15,323",5.26%
7,Factory,"14,539",4.99%
8,Oil rig,"13,470",4.63%
9,Fashion store,"11,236",3.86%
10,Water reservoir,"10,920",3.75%
11,Refinery,"9,074",3.12%
12,Hardware store,"8,321",2.86%
13,Electronics store,"7,717",2.65%
14,Food processing plant,"5,410",1.86%
15,Ranch,"5,288",1.82%
16,Quarry,"4,821",1.66%
17,Physics laboratory,"4,651",1.60%
18,Academy,"4,552",1.56%
19,Beverage factory,"4,498",1.54%
20,Car dealership,"4,119",1.41%
21,Forest nursery,"3,903",1.34%
22,Construction factory,"3,775",1.30%
23,Fashion factory,"3,650",1.25%
24,Mill,"3,624",1.24%
25,Concrete plant,"3,558",1.22%
26,Propulsion factory,"3,278",1.13%
27,Gas station,"3,179",1.09%
28,Sales offices,"3,104",1.07%
29,General contractor,"3,084",1.06%
30,Shipping depot,"2,773",0.95%
31,Catering,"1,989",0.68%
32,Slaughterhouse,"1,783",0.61%
33,Car factory,"1,775",0.61%
34,Aerospace factory,"1,739",0.60%
35,Aerospace electronics,"1,575",0.54%
36,Chemistry laboratory,"1,559",0.54%
37,Restaurant,"1,470",0.50%
38,Lake,"1,431",0.49%
39,Bank,"1,419",0.49%
40,Kitchen,"1,384",0.48%
41,Bakery,"1,348",0.46%
42,Plant research center,"1,256",0.43%
43,Park,"1,208",0.41%
44,Castle,"1,162",0.40%
45,Hangar,937,0.32%
46,Software R&D,663,0.23%
47,Fashion & Design,611,0.21%
48,Vertical integration facility,481,0.17%
49,Breeding laboratory,411,0.14%
50,Halloween market,404,0.14%
51,Automotive R&D,271,0.09%
52,Launch pad,101,0.03%
53,Beach market,55,0.02%