"ResourceId","Name","Quality","MarketPrice","Datetime"
"3","Apples","0","2.4","2026-01-04T15:24:09.250846Z"
"4","Oranges","0","2.7","2026-01-04T15:24:09.936150Z"
"5","Unknown","0","3.3","2026-01-04T15:24:10.622380Z"
"7","Steak","0","46.5","2026-01-04T15:24:11.305943Z"
"8","Sausages","0","11.8","2026-01-04T15:24:11.999037Z"
"9","Unknown","0","1.3","2026-01-04T15:24:12.683655Z"
"11","Petrol","0","43.5","2026-01-04T15:24:13.357244Z"
"12","Unknown","0","43.5","2026-01-04T15:24:14.046976Z"
"24","Smart phones","0","630","2026-01-04T15:24:14.736216Z"
"25","Unknown","0","820","2026-01-04T15:24:15.422019Z"
"27","Unknown","0","590","2026-01-04T15:24:16.135200Z"
"28","Televisions","0","1010","2026-01-04T15:24:16.821533Z"
"53","Unknown","0","3440","2026-01-04T15:24:17.511047Z"
"55","Economy car","0","2360","2026-01-04T15:24:18.225232Z"
"56","Unknown","0","4630","2026-01-04T15:24:18.904152Z"
"57","Truck","0","5775","2026-01-04T15:24:19.595512Z"
"60","Underwear","0","7.6","2026-01-04T15:24:20.278861Z"
"61","Gloves","0","20.5","2026-01-04T15:24:20.977478Z"
"62","Dress","0","22.75","2026-01-04T15:24:21.654685Z"
"63","Stiletto Heel","0","36.5","2026-01-04T15:24:22.339038Z"
"64","Handbags","0","49.25","2026-01-04T15:24:23.023233Z"
"65","Sneakers","0","14.5","2026-01-04T15:24:23.706560Z"
"67","Xmas crackers","0","13","2026-01-04T15:24:24.389460Z"
"70","Luxury watch","0","835","2026-01-04T15:24:25.087494Z"
"71","Necklace","0","1600","2026-01-04T15:24:25.771194Z"
"98","Quadcopter","0","890","2026-01-04T15:24:26.445533Z"
"102","Bricks","0","2.85","2026-01-04T15:24:27.143231Z"
"103","Cement","0","7.4","2026-01-04T15:24:27.831240Z"
"108","Planks","0","11.3","2026-01-04T15:24:28.519038Z"
"109","Windows","0","121","2026-01-04T15:24:29.200440Z"
"110","Tools","0","210","2026-01-04T15:24:29.881620Z"
"119","Coffee powder","0","32.25","2026-01-04T15:24:30.559684Z"
"122","Cheese","0","126","2026-01-04T15:24:31.235860Z"
"123","Apple pie","0","310","2026-01-04T15:24:31.919395Z"
"124","Orange juice","0","40","2026-01-04T15:24:32.607990Z"
"125","Apple cider","0","27.75","2026-01-04T15:24:33.292388Z"
"126","Ginger beer","0","58","2026-01-04T15:24:33.979436Z"
"127","Frozen pizza","0","460","2026-01-04T15:24:34.667236Z"
"140","Chocolate","0","262","2026-01-04T15:24:35.347595Z"
"144","Xmas ornament","0","16","2026-01-04T15:24:36.039940Z"
"146","Pumpkin","0","12","2026-01-04T15:24:36.723396Z"
"147","Jack o'lantern","0","30","2026-01-04T15:24:37.400885Z"
"148","Witch costume","0","37","2026-01-04T15:24:38.083512Z"
"150","Tree","0","530","2026-01-04T15:24:38.773793Z"
"151","Easter Bunny","0","282","2026-01-04T15:24:39.460143Z"
"152","Ramadan sweets","0","260","2026-01-04T15:24:40.138814Z"
"153","Chocolate icecream","0","60","2026-01-04T15:24:40.825368Z"
"154","Apple icecream","0","99","2026-01-04T15:24:41.515345Z"
