"Timestamp","Date","ResourceID","ResourceName","Quality","MarketPrice","AvgRetailPrice","Saturation"
"2025-12-29 12:13:28","2025-12-29","3","Apples","0","2.4","6.41","171.23"
"2025-12-29 12:13:28","2025-12-29","4","Oranges","0","2.7","7.25","169.84"
"2025-12-29 12:13:28","2025-12-29","5","Grapes","0","3.1","8.27","171.02"
"2025-12-29 12:13:28","2025-12-29","11","Petrol","0","42.5","54.02","73.59"
"2025-12-29 12:13:28","2025-12-29","12","Diesel","0","42.5","53.07","74.91"
"2025-12-29 12:13:28","2025-12-29","53","Economy e-car","0","3480","4160.82","52.15"
"2025-12-29 12:13:28","2025-12-29","54","Luxury e-car","0","6625","8933.67","73.86"
"2025-12-29 12:13:28","2025-12-29","55","Economy car","0","2360","2898.30","59.01"
"2025-12-29 12:13:28","2025-12-29","56","Luxury car","0","4630","6738.83","96.65"
"2025-12-29 12:13:28","2025-12-29","57","Truck","0","5850","6968.86","35.93"
