"ResourceId","Name","Quality","AverageRetailPrice","SalesWagesPerHour","UnitsSoldPerHour","ProductionCostPerUnit","BuildingLevelsNeeded","ProductionWagesPerHour","ProductionUnitsPerHour","Transportation"
"125","Apple cider","0","57.416635815497784","138","15","17.69129787320276","0.09308911316302905","241.50","36.56","1"
"154","Apple icecream","0","98.65211678029468","241.49999999999997","18","31.786743075133828","0.1346621314850427","379.50","32.14","1"
"123","Apple pie","0","365.11099654640157","138","10","171.9774151587316","0.48007095614232465","448.5","5.98","2"
"3","Apples","0","6.346803353430215","138","110","1.3858094303634345","0.008217493995122272","103.5","202.19","1"
"94","BFR","0","900244.281938067","586.5","1","468066.8359275615","1043.3463637988102","759.00","0.21","2000"
"121","Bread","0","0","0","0","111.10484999328038","0.3215916763639164","448.5","11.96","1"
"102","Bricks","0","9.844046316148876","172.5","80","1.2512595715460795","0.003415339593778958","379.50","367.35","1"
"134","Butter","0","0","0","0","29.87055025723062","0.08661070778474494","379.50","13.78","1"
"103","Cement","0","16.476082984939538","172.5","60","3.3592180214001557","0.009745984419983037","379.50","298.47","1"
"122","Cheese","0","153.13926633587275","138","30","73.5153317447319","0.20951715003660626","379.50","5.51","1"
"140","Chocolate","0","301.8756298611136","138","15","140.6298577066403","0.4320751867188788","379.50","3.21","1"
"153","Chocolate icecream","0","111.04700876575595","241.49999999999997","22","35.03287146034512","0.1287968546744835","379.50","32.14","1"
"132","Cocktails","0","0","0","0","1525.8676015591511","2.9707149489812257","655.5","0.52","2"
"119","Coffee powder","0","40.33254923485272","138","100","21.668055696201822","0.0831965820630771","379.50","22.96","1"
"12","Diesel","0","52.83609601349339","345","105","23.86026902336927","0.05894138193606232","483.00","115.13","1"
"62","Dress","0","45.106183879600515","310.5","45","11.127709656118052","0.0616774897944069","138","186.87","1"
"151","Easter Bunny","0","221.22754459941615","138","30","115.70671384590469","0.3506680661576384","379.50","3.67","1"
"55","Economy car","0","2905.6220729899965","379.50000000000006","2","1219.8990021740833","3.172768281418329","448.5","13.95","5"
"53","Economy e-car","0","4102.358491912464","379.50000000000006","2","1817.5537839187427","4.897457779940566","448.5","19.93","5"
"9","Eggs","0","2.5553488503740467","138","340","0.7292769680471267","0.004825017092868805","138","316.47","0.1"
"127","Frozen pizza","0","532.9240517347685","138","10","272.1983540854805","0.8391977205507947","379.50","9.18","1"
"126","Ginger beer","0","100.17204793379351","138","10","28.81633560579997","0.10544057868625505","241.50","73.13","1"
"61","Gloves","0","61.826483190046936","310.5","20","9.394549459952708","0.06148171668974752","138","143.17","1"
"5","Grapes","0","8.33140488361467","138","80","1.7581615627211524","0.010146722009585872","103.5","161.75","1"
"129","Hamburger","0","0","0","0","1464.6718224271067","2.661019290483073","655.5","0.52","2"
"64","Handbags","0","98.65207971855021","310.5","20","23.87120299919537","0.15418093353842224","138","67.82","1"
"147","Jack o'lantern","0","61.487702955643584","207","40","19.229819239298102","0.05804296445981941","379.50","284.70","1"
"95","Jumbo jet","0","251248.1042858291","586.5","1","129421.73354727181","286.1840844922776","759.00","0.06","2000"
"26","Laptops","0","1770.5248645555375","172.5","1.2","638.1754481232036","1.6876114585927768","379.50","9.18","2"
"130","Lasagna","0","0","0","0","1380.694744516906","2.3570040173857527","655.5","1.56","2"
"56","Luxury car","0","6743.8653523243665","379.50000000000006","0.5","2339.553506039372","6.186137630842201","448.5","1.99","5"
"54","Luxury e-car","0","8911.253401399828","379.50000000000006","0.5","3441.633210109271","9.427646261288189","448.5","3.99","5"
"96","Luxury jet","0","96788.01158003804","586.5","1","45536.191330114205","99.70501453558225","759.00","0.17","1000"
"70","Luxury watch","0","1140.0240145549649","310.5","3","445.2390620197452","1.254733304893077","138","18.84","1"
"131","Meat balls","0","0","0","0","1623.0358321055742","2.7388443758727177","655.5","1.04","2"
"117","Milk","0","0","0","0","4.644175593378594","0.028038477701024404","138","120.56","1"
"27","Monitors","0","876.6859636370247","172.5","2","294.1621171806931","0.774758363447735","379.50","18.37","2"
"71","Necklace","0","2154.18888150812","310.5","2","939.3094443646374","2.6108349112010596","138","41.44","1"
"124","Orange juice","0","69.61894152205402","138","15","20.09088128559387","0.08338665867769919","241.50","78.61","1"
"4","Oranges","0","7.269283763285095","138","90","1.4303223605902136","0.008647570615670862","103.5","186.01","1"
"11","Petrol","0","53.92527634092921","345","103","24.00011652274248","0.05923092127223874","483.00","111.41","1"
"108","Planks","0","15.667696183269744","172.5","120","5.428119994457215","0.017176103717141112","483.00","115.13","1"
"146","Pumpkin","0","21.189735428066022","207","50","2.989368583787052","0.015202095790618575","103.5","104.49","1"
"149","Pumpkin soup","0","900","0","0","459.46428775375654","0.9654845524734763","655.5","2.09","2"
"98","Quadcopter","0","1470.594818025312","172.5","1","456.9590044458487","1.1293732190169494","724.5","12.45","2"
"152","Ramadan sweets","0","246.19629769550434","138","40","130.32691085774997","0.41211825164833177","379.50","5.05","1"
"142","Salad","0","0","0","0","482.13660359234376","1.0211361858000747","655.5","1.79","2"
"143","Samosa","0","0","0","0","433.89562047411584","0.951243407396712","655.5","1.83","2"
"99","Satellite","0","68824.25267251032","586.5","1","29489.08364542424","67.4274892656665","724.5","0.11","10"
"8","Sausages","0","16.54229387322942","138","110","7.046581956294532","0.02309206140870684","414","87.02","0.1"
"97","Single engine plane","0","46376.12274234123","586.5","1","19211.02508482617","41.186777401805664","759.00","1.48","100"
"24","Smart phones","0","936.4675289975086","172.5","2","329.33500966377494","0.8786144000373325","379.50","11.48","2"
"65","Sneakers","0","42.520533994589535","310.5","30","7.3977210046962965","0.019632049806918853","138","173.31","1"
"7","Steak","0","60.10678648385291","138","35","26.107063782608222","0.09873545210512771","414","25.67","1"
"63","Stiletto Heel","0","69.23294567336451","310.5","30","17.286602160066415","0.10593777598939177","138","97.96","1"
"91","Sub-orbital rocket","0","131915.4141831671","586.5","1","63971.32521944506","146.4827870434139","759.00","0.63","20"
"25","Tablets","0","1524.8958746505107","172.5","0.8","405.3539264590962","1.0835514408330698","379.50","11.48","2"
"28","Televisions","0","1301.3596453004757","172.5","1.8","500.8252761109699","1.3154602064174634","379.50","16.07","2"
"110","Tools","0","219.8803839159426","172.5","40","101.15883912297762","0.26350740210429063","483.00","26.00","1"
"150","Tree","0","353.77820562939803","241.49999999999997","5","83.08402442211386","1.0100441229107604","79.35","10.00","1"
"150","Tree","1","1688.9486093552466","241.49999999999997","2.5","246.7595525336782","2.999831045044959","79.35","10.00","1"
"150","Tree","2","3600.215015015015","241.49999999999997","1.25","569.956407535701","6.928902683167816","79.35","10.00","1"
"150","Tree","3","7425.264055590651","241.49999999999997","0.625","1208.8725553417567","14.696141988351565","79.35","10.00","1"
"150","Tree","4","13322.458217621812","241.49999999999997","0.3125","2472.5805668021085","30.058913097824234","79.35","10.00","1"
"150","Tree","5","25708.91266912669","241.49999999999997","0.15625","4972.578861663514","60.45114075620902","79.35","10.00","1"
"150","Tree","6","52735.57532051282","241.49999999999997","0.078125","9918.570835511953","120.5790673930866","79.35","10.00","1"
"150","Tree","7","102000.48557692308","241.49999999999997","0.0390625","19703.376391704303","239.53196374828687","79.35","10.00","1"
"150","Tree","8","205696.74217311235","241.49999999999997","0.01953125","39059.46156132416","474.84194306280665","79.35","10.00","1"
"150","Tree","9","386725.16891891893","241.49999999999997","0.009765625","77345.41085527845","940.2803753413142","79.35","10.00","1"
"150","Tree","10","821911.1666666666","241.49999999999997","0.0048828125","153065.69819286038","1860.804287638494","79.35","10.00","1"
"150","Tree","11","1362546.705882353","241.49999999999997","0.00244140625","302803.8812076151","3681.156308154412","79.35","10.00","1"
"150","Tree","12","2262908","241.49999999999997","0.001220703125","598876.2947565505","7280.478841470594","79.35","10.00","1"
"57","Truck","0","6928.087437596707","379.50000000000006","1","3045.215378262768","7.460707968859187","448.5","4.78","5"
"60","Underwear","0","37.78236360734752","310.5","25","3.136225735914774","0.022069348330737128","138","165.77","1"
"109","Windows","0","132.71391303682685","172.5","30","59.345257310556754","0.1414072759065603","483.00","16.71","1"
"148","Witch costume","0","76.33049749435254","207","12","16.96111872082079","0.08630433278541373","138","120.56","1"
"67","Xmas crackers","0","14.412266526381233","241.49999999999997","400","6.484413034180247","0.01700874955079077","414","222.47","0.5"
"144","Xmas ornament","0","28.629986650996127","241.49999999999997","70","9.10169862822773","0.023485004300521344","414","179.69","0.5"
