"ResourceId","Name","Quality","AverageRetailPrice","UnitsSoldPerHour","Datetime"
"3","Apples","0","6.390392623585934","110","2026-01-02T17:25:24.275036Z"
"4","Oranges","0","7.310312672322841","90","2026-01-02T17:25:24.924660Z"
"5","Grapes","0","8.257110431028835","80","2026-01-02T17:25:25.589198Z"
"7","Steak","0","60.658673951419615","35","2026-01-02T17:25:26.232327Z"
"8","Sausages","0","16.38227959982465","110","2026-01-02T17:25:26.889574Z"
"9","Eggs","0","2.5505661496053462","340","2026-01-02T17:25:27.541214Z"
"11","Petrol","0","53.97492324622004","103","2026-01-02T17:25:28.192693Z"
"12","Diesel","0","53.06576765703701","105","2026-01-02T17:25:28.845958Z"
"24","Smart phones","0","940.1870477117419","2","2026-01-02T17:25:29.499054Z"
"25","Tablets","0","1524.1649854869204","0.8","2026-01-02T17:25:30.149687Z"
"26","Laptops","0","1771.3564538107835","1.2","2026-01-02T17:25:30.804695Z"
"27","Monitors","0","873.3105482344264","2","2026-01-02T17:25:31.461888Z"
"28","Televisions","0","1308.3858797019325","1.8","2026-01-02T17:25:32.114446Z"
"53","Economy e-car","0","4135.084731769478","2","2026-01-02T17:25:32.766847Z"
"54","Luxury e-car","0","8922.953425469635","0.5","2026-01-02T17:25:33.415692Z"
"55","Economy car","0","2918.635744263367","2","2026-01-02T17:25:34.064731Z"
"56","Luxury car","0","6737.910379237333","0.5","2026-01-02T17:25:34.710453Z"
"57","Truck","0","6888.739164746362","1","2026-01-02T17:25:35.362457Z"
"60","Underwear","0","37.87715841358114","25","2026-01-02T17:25:36.012321Z"
"61","Gloves","0","61.99847720927649","20","2026-01-02T17:25:36.660809Z"
"62","Dress","0","44.920257100939075","45","2026-01-02T17:25:37.310484Z"
"63","Stiletto Heel","0","69.7782244524299","30","2026-01-02T17:25:37.960979Z"
"64","Handbags","0","98.75268488998849","20","2026-01-02T17:25:38.608710Z"
"65","Sneakers","0","42.09397138495421","30","2026-01-02T17:25:39.265362Z"
"67","Xmas crackers","0","14.87879182782827","400","2026-01-02T17:25:39.917193Z"
"70","Luxury watch","0","1136.5200427609307","3","2026-01-02T17:25:40.571391Z"
"71","Necklace","0","2169.9760358256203","2","2026-01-02T17:25:41.209845Z"
"98","Quadcopter","0","1469.5848531621386","1","2026-01-02T17:25:41.863198Z"
"102","Bricks","0","9.826207877862409","80","2026-01-02T17:25:42.512893Z"
"103","Cement","0","16.62903567803815","60","2026-01-02T17:25:43.167703Z"
"108","Planks","0","15.888864636758175","120","2026-01-02T17:25:43.820429Z"
"109","Windows","0","132.61989657622982","30","2026-01-02T17:25:44.472003Z"
"110","Tools","0","221.21656633203145","40","2026-01-02T17:25:45.128808Z"
"119","Coffee powder","0","41.15470879752766","100","2026-01-02T17:25:45.776993Z"
"122","Cheese","0","150.91798361231503","30","2026-01-02T17:25:46.428928Z"
"123","Apple pie","0","365.6778755546961","10","2026-01-02T17:25:47.067608Z"
"124","Orange juice","0","70.85936641086319","15","2026-01-02T17:25:47.722233Z"
"125","Apple cider","0","57.42406009104549","15","2026-01-02T17:25:48.373928Z"
"126","Ginger beer","0","100.17847486779146","10","2026-01-02T17:25:49.027823Z"
"127","Frozen pizza","0","536.1657537732184","10","2026-01-02T17:25:49.667043Z"
"140","Chocolate","0","299.6227637697929","15","2026-01-02T17:25:50.331907Z"
"144","Xmas ornament","0","27.91681689025525","70","2026-01-02T17:25:50.988013Z"
"146","Pumpkin","0","21.135706817445804","50","2026-01-02T17:25:51.641727Z"
"147","Jack o'lantern","0","50","40","2026-01-02T17:25:52.295178Z"
"148","Witch costume","0","78.00736119833897","12","2026-01-02T17:25:52.946758Z"
"150","Tree","0","306.41999999999996","5","2026-01-02T17:25:53.602011Z"
"151","Easter Bunny","0","221.8262021505376","30","2026-01-02T17:25:54.255802Z"
"152","Ramadan sweets","0","231","40","2026-01-02T17:25:54.904690Z"
"153","Chocolate icecream","0","116.90338443495015","22","2026-01-02T17:25:55.562709Z"
"154","Apple icecream","0","114.04089022227254","18","2026-01-02T17:25:56.211748Z"
