Timestamp,Cash,Accounts Receivable,Inventory - materials,Inventory - research,Inventory - work in process,Inventory - finished goods,Inventory - valuation allowance,Deposits,Investment in bonds,Buildings,Patents,Liabilities,Contributed Capital,Retained Earnings
2026-01-11T01:16:14.492234+00:00,353584,7439,6336,0,0,69614,-14762,0,0,541650,0,0,181260,782601
2026-01-10T01:05:06.055790+00:00,33448,123252,66534,0,0,158150,-34686,0,0,476100,0,0,184260,638538
2026-01-09T01:15:10.695448+00:00,185593,4632,0,0,0,45048,-8286,0,0,548550,0,0,184260,591277
2026-01-08T01:14:58.500290+00:00,107559,98961,0,0,0,148442,-25819,0,0,372600,0,0,184760,516983
2026-01-07T01:06:34.431790+00:00,157180,18635,0,0,0,67441,-14795,0,0,372600,0,0,184760,416301
2026-01-06T01:12:00.808989+00:00,35498,21514,0,0,0,80150,-18003,0,0,355350,0,0,184760,289749
2026-01-05T01:07:19.722446+00:00,22025,6578,0,0,0,31720,-8077,0,0,303600,0,0,184760,205586
2026-01-04T01:05:24.865495+00:00,21634,6950,0,0,0,49446,-10627,0,0,248400,0,0,164760,151043
2026-01-03T01:14:30.084201+00:00,146920,7409,15841,0,0,16635,-3979,0,0,162150,0,0,164760,197466
2026-01-02T01:05:58.052896+00:00,73883,8489,34851,0,0,19271,-5596,0,0,141450,0,0,144760,144838
2026-01-01T01:06:46.063425+00:00,14289,6968,50693,0,0,42096,-11973,0,0,106950,0,0,144760,98763
2025-12-31T01:15:58.369532+00:00,19557,8707,9888,0,0,47739,-11016,0,0,148350,0,0,134760,88465
2025-12-30T01:14:13.047818+00:00,8469,11402,38565,0,0,61889,-23137,0,0,100050,0,0,134760,62478
2025-12-29T01:07:42.505572+00:00,36641,1214,0,5906,7815,18227,-4686,0,0,117300,0,0,121260,61157
2025-12-28T01:15:38.212516+00:00,5502,225,3167,3721,4816,10507,-2542,0,0,96600,0,0,71260,50736
2025-12-27T01:14:25.083153+00:00,5103,379,0,632,9125,2426,86,0,0,75900,0,0,71260,46541
2025-12-26T01:07:16.192945+00:00,9067,426,16473,0,4255,26980,-699,0,0,31050,0,0,46260,41292
2025-12-25T01:19:00.420416+00:00,10495,178,17980,0,2997,15621,-3103,0,0,31050,0,0,47260,27958
2025-12-24T01:18:40.910008+00:00,3480,489,24556,0,0,5667,-4017,0,0,17250,0,0,24760,22665
