Timestamp,All income,All expenses,From retail,From customers,From exchange,From interest,From poaching,To suppliers,To exchange,To employees,To executives,For interest,For fees,For accounting,Investment in bonds,Bonds,Game income
2026-01-01T01:06:46.063425+00:00,194493,-199761,184493,0,0,0,0,0,-199761,0,0,0,0,0,0,0,10000
2025-12-31T01:15:58.369532+00:00,156896,-145808,156896,0,0,0,0,0,-145808,0,0,0,0,0,0,0,0
2025-12-30T01:14:13.047818+00:00,85241,-113413,55282,0,16459,0,0,0,-112754,0,0,0,-659,0,0,0,13500
2025-12-29T01:07:42.505572+00:00,88452,-57313,27552,0,10900,0,0,0,-42610,-14267,0,0,-436,0,0,0,50000
2025-12-28T01:15:38.212516+00:00,21055,-20656,10155,0,10900,0,0,0,-12405,-7815,0,0,-436,0,0,0,0
2025-12-27T01:14:25.083153+00:00,85073,-89037,10438,0,49635,0,0,0,-71244,-15806,0,0,-1987,0,0,0,25000
2025-12-26T01:07:16.192945+00:00,27880,-29308,25133,0,2747,0,0,0,-21165,-7033,0,0,-110,0,0,0,-1000
2025-12-25T01:19:00.420416+00:00,51601,-44586,28737,0,2540,0,0,0,-38802,-5482,0,0,-102,0,0,0,22500
2025-12-24T01:18:40.910008+00:00,29445,-25965,9279,0,4199,0,0,0,-22952,-2266,0,0,-227,0,0,0,24760
