Timestamp,Sales,COGS,Freight Out,Construction,Exchange Fees,Salaries,Training,Poaching,Achievements Referrals PA,Patent Conversion,Bond Defaults,Bond Writeoffs,Accounting Overhead,Bond Interest Expense,Bond Interest Income,Donations,Other Comprehensive Income,NetIncome
2026-01-11T01:16:14.492234+00:00,271386,-107756,0,334,0,-4176,-30000,0,-3000,0,0,0,0,0,0,0,14275,126788
2026-01-10T01:05:06.055790+00:00,149708,-63237,0,-369,0,-2430,-10000,0,0,0,0,0,0,0,0,0,-26411,73672
2026-01-09T01:15:10.695448+00:00,280599,-148355,0,-67304,0,-2430,0,0,-500,0,0,0,0,0,0,0,11784,62010
2026-01-08T01:14:58.500290+00:00,262005,-127850,0,0,0,-2430,-20000,0,0,0,0,0,0,0,0,0,-11043,111725
2026-01-07T01:06:34.431790+00:00,216546,-88183,0,-2574,0,-2430,0,0,0,0,0,0,0,0,0,0,3193,123359
2026-01-06T01:12:00.808989+00:00,169590,-72914,0,31942,0,0,0,0,0,0,0,0,0,0,0,0,-44455,128618
2026-01-05T01:07:19.722446+00:00,153860,-64856,-213,-70959,-317,0,0,0,20000,0,0,0,0,0,0,0,37028,37515
2026-01-04T01:05:24.865495+00:00,82672,-35596,0,-69581,0,0,0,0,0,0,0,0,0,0,0,0,-23918,-22505
2026-01-03T01:14:30.084201+00:00,186190,-133830,-265,106,-1171,0,0,0,20000,0,0,0,0,0,0,0,1598,71030
2026-01-02T01:05:58.052896+00:00,156825,-117189,0,17338,0,0,0,0,0,0,0,0,0,0,0,0,-10899,56974
2026-01-01T01:06:46.063425+00:00,182754,-164752,0,-41212,0,0,0,0,10000,0,0,0,0,0,0,0,33508,-13210
2025-12-31T01:15:58.369532+00:00,154201,-136410,0,-3910,0,0,0,0,0,0,0,0,0,0,0,0,12106,13881
2025-12-30T01:14:13.047818+00:00,81929,-61087,0,-398,-659,0,0,0,13500,0,0,0,0,0,0,0,-18464,33285
2025-12-29T01:07:42.505572+00:00,39441,-24352,0,-2075,-436,0,0,0,50000,0,0,0,0,0,0,0,-2157,62578
2025-12-28T01:15:38.212516+00:00,20901,-13618,0,24133,-436,0,0,0,0,0,0,0,0,0,0,0,-26785,30980
2025-12-27T01:14:25.083153+00:00,60026,-40944,-6516,-32536,-1987,0,0,0,25000,0,0,0,0,0,0,0,27206,3043
2025-12-26T01:07:16.192945+00:00,28128,-20578,0,0,-110,0,0,0,-1000,0,0,0,0,0,0,0,5894,6440
2025-12-25T01:19:00.420416+00:00,30966,-19207,0,-1500,-102,0,0,0,22500,0,0,0,0,0,0,0,-4864,32657
2025-12-24T01:18:40.910008+00:00,13967,-10314,-175,16892,-227,0,0,0,24760,0,0,0,0,0,0,0,2522,44903
